#FFFFFF,#FFFFFF,#EDEDED,#EDEDED,#EDEDED,#EDEDED,#EDEDED,#EDEDED,#EDEDED,#EDEDED,#EDEDED,#EDEDED,#D9D9D9,#EDEDED,#EDEDED,#EDEDED,#EDEDED,#EDEDED,#EDEDED,#EDEDED,#EDEDED,#EDEDED,#EDEDED,#EDEDED,#EDEDED,#EDEDED,#EDEDED,#EDEDED,#EDEDED,#EDEDED,#EDEDED,#EDEDED,#EDEDED,#EDEDED,#EDEDED,#EDEDED,#EDEDED,#EDEDED,#EDEDED,#EDEDED,#EDEDED,#EDEDED,#EDEDED,#EDEDED,#EDEDED,#EDEDED,#EDEDED,#EDEDED,#EDEDED,#D9D9D9,#EDEDED,#EDEDED,#EDEDED,#D9D9D9,#EDEDED,#EDEDED,#EDEDED,#EDEDED,#EDEDED,#EDEDED,#EDEDED,#EDEDED,#EDEDED,#EDEDED,#EDEDED,#D9D9D9,#EDEDED,#EDEDED,#EDEDED,#EDEDED,#EDEDED,#EDEDED,#EDEDED,#EDEDED,#EDEDED,#EDEDED,#EDEDED,#EDEDED,#EDEDED,#D9D9D9,#EDEDED,#EDEDED,#EDEDED,#EDEDED,#EDEDED,#EDEDED,#EDEDED,#EDEDED,#EDEDED,#EDEDED,#EDEDED,#EDEDED,#EDEDED,#EDEDED,#EDEDED,#EDEDED,#EDEDED,#FFFFFF,#FFFFFF,#FFFFFF
#FFFFFF,#FFFFFF,#EDEDED,#EDEDED,#EDEDED,#EDEDED,#EDEDED,#EDEDED,#EDEDED,#EDEDED,#000000,#EDEDED,#EDEDED,#EDEDED,#EDEDED,#EDEDED,#EDEDED,#EDEDED,#EDEDED,#EDEDED,#EDEDED,#EDEDED,#EDEDED,#D9D9D9,#EDEDED,#B0A9AC,#EDEDED,#EDEDED,#EDEDED,#EDEDED,#EDEDED,#EDEDED,#EDEDED,#EDEDED,#EDEDED,#EDEDED,#EDEDED,#EDEDED,#EDEDED,#FFFFFF,#EDEDED,#EDEDED,#EDEDED,#EDEDED,#EDEDED,#EDEDED,#EDEDED,#EDEDED,#EDEDED,#EDEDED,#EDEDED,#EDEDED,#EDEDED,#EDEDED,#EDEDED,#EDEDED,#EDEDED,#EDEDED,#EDEDED,#EDEDED,#EDEDED,#EDEDED,#EDEDED,#EDEDED,#EDEDED,#D9D9D9,#EDEDED,#EDEDED,#EDEDED,#EDEDED,#EDEDED,#EDEDED,#D9D9D9,#EDEDED,#EDEDED,#EDEDED,#D9D9D9,#EDEDED,#EDEDED,#D9D9D9,#EDEDED,#EDEDED,#EDEDED,#EDEDED,#EDEDED,#EDEDED,#D9D9D9,#EDEDED,#EDEDED,#EDEDED,#D9D9D9,#EDEDED,#EDEDED,#B0A9AC,#EDEDED,#EDEDED,#EDEDED,#FFFFFF,#FFFFFF,#FFFFFF
#EDEDED,#EDEDED,#EDEDED,#EDEDED,#EDEDED,#D9D9D9,#EDEDED,#EDEDED,#EDEDED,#EDEDED,#EDEDED,#EDEDED,#EDEDED,#EDEDED,#EDEDED,#EDEDED,#D9D9D9,#EDEDED,#EDEDED,#EDEDED,#EDEDED,#EDEDED,#BCC6B8,#EDEDED,#EDEDED,#EDEDED,#EDEDED,#EDEDED,#EDEDED,#EDEDED,#EDEDED,#EDEDED,#EDEDED,#EDEDED,#EDEDED,#EDEDED,#EDEDED,#EDEDED,#EDEDED,#EDEDED,#EDEDED,#EDEDED,#EDEDED,#D9D9D9,#EDEDED,#EDEDED,#EDEDED,#EDEDED,#EDEDED,#EDEDED,#EDEDED,#EDEDED,#EDEDED,#EDEDED,#EDEDED,#EDEDED,#EDEDED,#EDEDED,#EDEDED,#EDEDED,#EDEDED,#EDEDED,#BCC6B8,#EDEDED,#EDEDED,#EDEDED,#EDEDED,#EDEDED,#EDEDED,#EDEDED,#EDEDED,#EDEDED,#EDEDED,#EDEDED,#EDEDED,#EDEDED,#EDEDED,#EDEDED,#EDEDED,#EDEDED,#EDEDED,#D9D9D9,#EDEDED,#EDEDED,#EDEDED,#EDEDED,#EDEDED,#EDEDED,#EDEDED,#EDEDED,#EDEDED,#EDEDED,#D9D9D9,#EDEDED,#EDEDED,#EDEDED,#EDEDED,#EDEDED,#FFFFFF,#EDEDED
#EDEDED,#48464E,#EDEDED,#EDEDED,#EDEDED,#EDEDED,#EDEDED,#EDEDED,#EDEDED,#EDEDED,#EDEDED,#EDEDED,#EDEDED,#EDEDED,#EDEDED,#EDEDED,#EDEDED,#EDEDED,#EDEDED,#EDEDED,#EDEDED,#EDEDED,#EDEDED,#EDEDED,#EDEDED,#EDEDED,#EDEDED,#EDEDED,#EDEDED,#EDEDED,#EDEDED,#EDEDED,#EDEDED,#EDEDED,#EDEDED,#EDEDED,#EDEDED,#EDEDED,#EDEDED,#EDEDED,#EDEDED,#EDEDED,#EDEDED,#EDEDED,#EDEDED,#EDEDED,#EDEDED,#EDEDED,#EDEDED,#EDEDED,#EDEDED,#EDEDED,#EDEDED,#EDEDED,#EDEDED,#EDEDED,#EDEDED,#EDEDED,#EDEDED,#EDEDED,#EDEDED,#EDEDED,#EDEDED,#EDEDED,#EDEDED,#EDEDED,#EDEDED,#EDEDED,#EDEDED,#EDEDED,#EDEDED,#EDEDED,#EDEDED,#EDEDED,#EDEDED,#EDEDED,#EDEDED,#EDEDED,#EDEDED,#EDEDED,#EDEDED,#EDEDED,#EDEDED,#EDEDED,#EDEDED,#EDEDED,#EDEDED,#EDEDED,#EDEDED,#EDEDED,#EDEDED,#EDEDED,#EDEDED,#EDEDED,#EDEDED,#EDEDED,#EDEDED,#EDEDED,#EDEDED,#EDEDED
#EDEDED,#EDEDED,#EDEDED,#EDEDED,#EDEDED,#EDEDED,#EDEDED,#EDEDED,#EDEDED,#D9D9D9,#EDEDED,#EDEDED,#EDEDED,#EDEDED,#EDEDED,#EDEDED,#FFC830,#EDEDED,#EDEDED,#EDEDED,#EDEDED,#EDEDED,#EDEDED,#EDEDED,#EDEDED,#EDEDED,#EDEDED,#EDEDED,#EDEDED,#EDEDED,#EDEDED,#EDEDED,#EDEDED,#EDEDED,#EDEDED,#EDEDED,#EDEDED,#EDEDED,#EDEDED,#EDEDED,#EDEDED,#EDEDED,#EDEDED,#EDEDED,#EDEDED,#EDEDED,#EDEDED,#EDEDED,#EDEDED,#EDEDED,#EDEDED,#EDEDED,#EDEDED,#EDEDED,#EDEDED,#EDEDED,#EDEDED,#EDEDED,#EDEDED,#EDEDED,#EDEDED,#EDEDED,#EDEDED,#EDEDED,#EDEDED,#EDEDED,#EDEDED,#EDEDED,#EDEDED,#EDEDED,#EDEDED,#EDEDED,#EDEDED,#EDEDED,#EDEDED,#EDEDED,#EDEDED,#EDEDED,#EDEDED,#EDEDED,#EDEDED,#EDEDED,#EDEDED,#EDEDED,#EDEDED,#EDEDED,#EDEDED,#EDEDED,#EDEDED,#EDEDED,#EDEDED,#EDEDED,#EDEDED,#EDEDED,#EDEDED,#EDEDED,#EDEDED,#EDEDED,#EDEDED,#EDEDED
#EDEDED,#EDEDED,#EDEDED,#EDEDED,#EDEDED,#EDEDED,#EDEDED,#EDEDED,#EDEDED,#D9D9D9,#B0A9AC,#EDEDED,#EDEDED,#EDEDED,#EDEDED,#EDEDED,#FFC830,#FFC830,#FFC830,#FFC830,#FFC830,#EDEDED,#EDEDED,#EDEDED,#EDEDED,#EDEDED,#EDEDED,#EDEDED,#EDEDED,#EDEDED,#EDEDED,#EDEDED,#EDEDED,#EDEDED,#EDEDED,#EDEDED,#EDEDED,#EDEDED,#EDEDED,#EDEDED,#EDEDED,#EDEDED,#EDEDED,#EDEDED,#EDEDED,#EDEDED,#EDEDED,#EDEDED,#EDEDED,#EDEDED,#EDEDED,#EDEDED,#EDEDED,#EDEDED,#EDEDED,#EDEDED,#EDEDED,#EDEDED,#EDEDED,#EDEDED,#EDEDED,#EDEDED,#EDEDED,#EDEDED,#EDEDED,#EDEDED,#EDEDED,#EDEDED,#EDEDED,#EDEDED,#EDEDED,#EDEDED,#EDEDED,#EDEDED,#EDEDED,#EDEDED,#EDEDED,#EDEDED,#EDEDED,#EDEDED,#EDEDED,#EDEDED,#EDEDED,#EDEDED,#EDEDED,#EDEDED,#EDEDED,#EDEDED,#EDEDED,#EDEDED,#EDEDED,#EDEDED,#EDEDED,#EDEDED,#EDEDED,#EDEDED,#EDEDED,#EDEDED,#EDEDED,#EDEDED
#EDEDED,#EDEDED,#EDEDED,#EDEDED,#EDEDED,#EDEDED,#EDEDED,#EDEDED,#EDEDED,#EDEDED,#EDEDED,#EDEDED,#EDEDED,#EDEDED,#EDEDED,#EDEDED,#FFC830,#FFC830,#FFC830,#FFC830,#FFC830,#EDEDED,#EDEDED,#EDEDED,#EDEDED,#EDEDED,#EDEDED,#EDEDED,#EDEDED,#EDEDED,#EDEDED,#EDEDED,#EDEDED,#EDEDED,#EDEDED,#EDEDED,#EDEDED,#EDEDED,#EDEDED,#EDEDED,#EDEDED,#EDEDED,#EDEDED,#EDEDED,#EDEDED,#EDEDED,#EDEDED,#EDEDED,#EDEDED,#EDEDED,#EDEDED,#EDEDED,#EDEDED,#EDEDED,#EDEDED,#EDEDED,#EDEDED,#EDEDED,#EDEDED,#EDEDED,#EDEDED,#EDEDED,#EDEDED,#EDEDED,#EDEDED,#EDEDED,#EDEDED,#EDEDED,#EDEDED,#EDEDED,#EDEDED,#EDEDED,#EDEDED,#EDEDED,#EDEDED,#EDEDED,#EDEDED,#EDEDED,#EDEDED,#EDEDED,#EDEDED,#EDEDED,#EDEDED,#EDEDED,#EDEDED,#EDEDED,#EDEDED,#EDEDED,#EDEDED,#EDEDED,#EDEDED,#EDEDED,#EDEDED,#EDEDED,#EDEDED,#E3D2BC,#EDEDED,#EDEDED,#D9D9D9,#EDEDED
#EDEDED,#D9D9D9,#EDEDED,#EDEDED,#B0A9AC,#EDEDED,#EDEDED,#EDEDED,#EDEDED,#EDEDED,#EDEDED,#EDEDED,#EDEDED,#EDEDED,#EDB045,#FFC365,#FEA324,#EE8C3E,#EE8C3E,#EE8C3E,#EE8C3E,#FFC830,#E6B483,#D9D9D9,#EDEDED,#EDEDED,#EDEDED,#EDEDED,#EDEDED,#EDEDED,#EDEDED,#EDEDED,#EDEDED,#EDEDED,#EDEDED,#EDEDED,#EDEDED,#EDEDED,#EDEDED,#EDEDED,#EDEDED,#EDEDED,#EDEDED,#EDEDED,#EDEDED,#EDEDED,#EDEDED,#EDEDED,#EDEDED,#EDEDED,#EDEDED,#EDEDED,#EDEDED,#EDEDED,#B0A9AC,#EDEDED,#EDEDED,#EDEDED,#EDEDED,#EDEDED,#EDEDED,#EDEDED,#EDEDED,#EDEDED,#EDEDED,#EDEDED,#EDEDED,#EDEDED,#EDEDED,#EDEDED,#EDEDED,#EDEDED,#EDEDED,#EDEDED,#EDEDED,#EDEDED,#EDEDED,#EDEDED,#EDEDED,#EDEDED,#EDEDED,#EDEDED,#EDEDED,#EDEDED,#EDEDED,#EDEDED,#EDEDED,#EDEDED,#EDEDED,#EDEDED,#EDEDED,#EDEDED,#EDEDED,#EDEDED,#EDEDED,#EDEDED,#EDEDED,#EDEDED,#EDEDED,#EDEDED
#EDEDED,#B0A9AC,#D9D9D9,#EDEDED,#EDEDED,#EDEDED,#EDEDED,#EDEDED,#EDEDED,#EDEDED,#EDEDED,#EDEDED,#EDEDED,#EDEDED,#FFC830,#FFC830,#EE8C3E,#FD8324,#FD8324,#EE8C3E,#FEA324,#FFC830,#FFC830,#FFC830,#EDEDED,#EDEDED,#EDEDED,#EDEDED,#EDEDED,#EDEDED,#EDEDED,#EDEDED,#EDEDED,#EDEDED,#EDEDED,#EDEDED,#EDEDED,#EDEDED,#EDEDED,#EDEDED,#EDEDED,#EDEDED,#EDEDED,#EDEDED,#EDEDED,#EDEDED,#EDEDED,#EDEDED,#EDEDED,#EDEDED,#EDEDED,#D9D9D9,#EDEDED,#EDEDED,#EDEDED,#EDEDED,#EDEDED,#EDEDED,#EDEDED,#EDEDED,#EDEDED,#EDEDED,#EDEDED,#EDEDED,#EDEDED,#EDEDED,#EDEDED,#EDEDED,#EDEDED,#EDEDED,#EDEDED,#EDEDED,#EDEDED,#EDEDED,#EDEDED,#EDEDED,#EDEDED,#EDEDED,#EDEDED,#EDEDED,#EDEDED,#EDEDED,#EDEDED,#EDEDED,#EDEDED,#EDEDED,#EDEDED,#EDEDED,#EDEDED,#EDEDED,#EDEDED,#EDEDED,#EDEDED,#EDEDED,#EDEDED,#EDEDED,#EDEDED,#EDEDED,#EDEDED,#D9D9D9
#EDEDED,#EDEDED,#EDEDED,#EDEDED,#EDEDED,#EDEDED,#EDEDED,#EDEDED,#EDEDED,#EDEDED,#EDEDED,#EDEDED,#EDEDED,#EDEDED,#FFC830,#FFC830,#FFC830,#EE8C3E,#EE8C3E,#EE8C3E,#EE8C3E,#FFC830,#FFC830,#FFC830,#EDEDED,#EDEDED,#EDEDED,#EDEDED,#EDEDED,#EDEDED,#EDEDED,#EDEDED,#EDEDED,#EDEDED,#EDEDED,#EDEDED,#EDEDED,#EDEDED,#EDEDED,#EDEDED,#EDEDED,#EDEDED,#EDEDED,#EDEDED,#EDEDED,#EDEDED,#EDEDED,#B0A9AC,#D9D9D9,#EDEDED,#EDEDED,#EDEDED,#EDEDED,#EDEDED,#EDEDED,#EDEDED,#EDEDED,#EDEDED,#EDEDED,#EDEDED,#EDEDED,#EDEDED,#EDEDED,#EDEDED,#EDEDED,#EDEDED,#EDEDED,#EDEDED,#EDEDED,#EDEDED,#EDEDED,#EDEDED,#EDEDED,#EDEDED,#EDEDED,#EDEDED,#D9D9D9,#EDEDED,#EDEDED,#EDEDED,#EDEDED,#EDEDED,#EDEDED,#EDEDED,#EDEDED,#EDEDED,#EDEDED,#EDEDED,#EDEDED,#EDEDED,#EDEDED,#EDEDED,#EDEDED,#EDEDED,#EDEDED,#EDEDED,#EDEDED,#EDEDED,#EDEDED,#EDEDED
#EDEDED,#EDEDED,#EDEDED,#EDEDED,#EDEDED,#EDEDED,#EDEDED,#EDEDED,#EDEDED,#EDEDED,#EDEDED,#EDEDED,#EDEDED,#EDEDED,#EDB045,#FFC830,#EE8C3E,#FFD67D,#EE8C3E,#D19066,#EE8C3E,#FFC830,#FFC830,#E6B483,#EDEDED,#EDEDED,#EDEDED,#EDEDED,#EDEDED,#EDEDED,#EDEDED,#EDEDED,#EDEDED,#EDEDED,#EDEDED,#EDEDED,#EDEDED,#EDEDED,#EDEDED,#EDEDED,#EDEDED,#EDEDED,#EDEDED,#EDEDED,#EDEDED,#B0A9AC,#B0A9AC,#EDEDED,#EDEDED,#EDEDED,#EDEDED,#EDEDED,#EDEDED,#EDEDED,#EDEDED,#EDEDED,#EDEDED,#EDEDED,#EDEDED,#EDEDED,#EDEDED,#EDEDED,#EDEDED,#EDEDED,#EDEDED,#EDEDED,#EDEDED,#EDEDED,#EDEDED,#EDEDED,#EDEDED,#EDEDED,#EDEDED,#EDEDED,#EDEDED,#EDEDED,#EDEDED,#EDEDED,#EDEDED,#EDEDED,#EDEDED,#EDEDED,#EDEDED,#EDEDED,#EDEDED,#EDEDED,#EDEDED,#EDEDED,#EDEDED,#EDEDED,#EDEDED,#EDEDED,#EDEDED,#EDEDED,#B0A9AC,#E3D2BC,#D9D9D9,#EDEDED,#000000,#EDEDED
#EDEDED,#EDEDED,#EDEDED,#EDEDED,#EDEDED,#EDEDED,#EDEDED,#EDEDED,#EDEDED,#EDEDED,#EDEDED,#EDEDED,#EDEDED,#EDEDED,#EDEDED,#FFC830,#FEA324,#FEA324,#EE8C3E,#FFC830,#EE8C3E,#000000,#000000,#EDEDED,#EDEDED,#EDEDED,#EDEDED,#EDEDED,#EDEDED,#EDEDED,#EDEDED,#EDEDED,#EDEDED,#EDEDED,#EDEDED,#EDEDED,#EDEDED,#EDEDED,#EDEDED,#EDEDED,#EDEDED,#D9D9D9,#EDEDED,#EDEDED,#D9D9D9,#EDEDED,#EDEDED,#EDEDED,#EDEDED,#EDEDED,#EDEDED,#EDEDED,#EDEDED,#EDEDED,#EDEDED,#EDEDED,#EDEDED,#EDEDED,#EDEDED,#EDEDED,#EDEDED,#EDEDED,#EDEDED,#EDEDED,#EDEDED,#EDEDED,#EDEDED,#EDEDED,#EDEDED,#EDEDED,#EDEDED,#EDEDED,#EDEDED,#EDEDED,#EDEDED,#EDEDED,#EDEDED,#EDEDED,#EDEDED,#EDEDED,#EDEDED,#EDEDED,#EDEDED,#EDEDED,#EDEDED,#EDEDED,#EDEDED,#EDEDED,#EDEDED,#EDEDED,#EDEDED,#EDEDED,#D9D9D9,#EDEDED,#EDEDED,#EDEDED,#EDEDED,#EDEDED,#EDEDED,#EDEDED
#EDEDED,#EDEDED,#EDEDED,#EDEDED,#EDEDED,#EDEDED,#EDEDED,#EDEDED,#EDEDED,#EDEDED,#EDEDED,#EDEDED,#EDEDED,#EDEDED,#EDEDED,#EDEDED,#E6B483,#FFC830,#FFC830,#FFC830,#FFC830,#000000,#000000,#000000,#EDEDED,#EDEDED,#EDEDED,#EDEDED,#EDEDED,#EDEDED,#EDEDED,#EDEDED,#EDEDED,#EDEDED,#EDEDED,#EDEDED,#EDEDED,#EDEDED,#EDEDED,#EDEDED,#EDEDED,#EDEDED,#EDEDED,#EDEDED,#EDEDED,#EDEDED,#EDEDED,#EDEDED,#EDEDED,#EDEDED,#EDEDED,#EDEDED,#EDEDED,#EDEDED,#EDEDED,#EDEDED,#EDEDED,#EDEDED,#EDEDED,#EDEDED,#EDEDED,#EDEDED,#EDEDED,#EDEDED,#EDEDED,#EDEDED,#EDEDED,#EDEDED,#EDEDED,#EDEDED,#EDEDED,#EDEDED,#EDEDED,#EDEDED,#EDEDED,#EDEDED,#EDEDED,#EDEDED,#EDEDED,#EDEDED,#EDEDED,#EDEDED,#EDEDED,#EDEDED,#EDEDED,#EDEDED,#EDEDED,#EDEDED,#EDEDED,#EDEDED,#D9D9D9,#EDEDED,#EDEDED,#EDEDED,#EDEDED,#EDEDED,#EDEDED,#EDEDED,#EDEDED,#EDEDED
#EDEDED,#EDEDED,#EDEDED,#EDEDED,#EDEDED,#EDEDED,#EDEDED,#EDEDED,#EDEDED,#EDEDED,#EDEDED,#EDEDED,#EDEDED,#EDEDED,#EDEDED,#EDEDED,#FFC830,#FFC830,#FFC830,#FFC830,#FFC830,#000000,#000000,#000000,#EDEDED,#EDEDED,#EDEDED,#EDEDED,#EDEDED,#EDEDED,#EDEDED,#EDEDED,#EDEDED,#EDEDED,#EDEDED,#EDEDED,#EDEDED,#EDEDED,#EDEDED,#B0A9AC,#EDEDED,#EDEDED,#EDEDED,#EDEDED,#EDEDED,#EDEDED,#EDEDED,#EDEDED,#EDEDED,#EDEDED,#EDEDED,#EDEDED,#EDEDED,#EDEDED,#EDEDED,#EDEDED,#EDEDED,#EDEDED,#EDEDED,#EDEDED,#EDEDED,#EDEDED,#EDEDED,#EDEDED,#EDEDED,#EDEDED,#EDEDED,#EDEDED,#EDEDED,#EDEDED,#EDEDED,#EDEDED,#EDEDED,#EDEDED,#EDEDED,#EDEDED,#EDEDED,#EDEDED,#EDEDED,#EDEDED,#EDEDED,#EDEDED,#EDEDED,#EDEDED,#EDEDED,#EDEDED,#EDEDED,#EDEDED,#EDEDED,#EDEDED,#EDEDED,#EDEDED,#EDEDED,#EDEDED,#EDEDED,#EDEDED,#EDEDED,#EDEDED,#EDEDED,#EDEDED
#EDEDED,#EDEDED,#EDEDED,#EDEDED,#EDEDED,#EDEDED,#EDEDED,#EDEDED,#EDEDED,#EDEDED,#EDEDED,#EDEDED,#EDEDED,#EDEDED,#EDEDED,#EDEDED,#EDEDED,#EDEDED,#EDEDED,#000000,#000000,#000000,#000000,#000000,#000000,#000000,#EDEDED,#EDEDED,#EDEDED,#EDEDED,#EDEDED,#EDEDED,#EDEDED,#EDEDED,#EDEDED,#EDEDED,#EDEDED,#EDEDED,#EDEDED,#EDEDED,#EDEDED,#EDEDED,#EDEDED,#EDEDED,#EDEDED,#EDEDED,#EDEDED,#EDEDED,#EDEDED,#EDEDED,#EDEDED,#EDEDED,#EDEDED,#EDEDED,#EDEDED,#EDEDED,#EDEDED,#EDEDED,#EDEDED,#EDEDED,#EDEDED,#EDEDED,#EDEDED,#EDEDED,#EDEDED,#EDEDED,#EDEDED,#EDEDED,#EDEDED,#EDEDED,#EDEDED,#EDEDED,#EDEDED,#EDEDED,#EDEDED,#EDEDED,#EDEDED,#EDEDED,#EDEDED,#EDEDED,#EDEDED,#EDEDED,#EDEDED,#EDEDED,#EDEDED,#EDEDED,#EDEDED,#EDEDED,#EDEDED,#EDEDED,#EDEDED,#EDEDED,#EDEDED,#EDEDED,#EDEDED,#EDEDED,#EDEDED,#EDEDED,#EDEDED,#EDEDED
#EDEDED,#EDEDED,#EDEDED,#EDEDED,#EDEDED,#EDEDED,#EDEDED,#EDEDED,#EDEDED,#EDEDED,#EDEDED,#EDEDED,#EDEDED,#EDEDED,#EDEDED,#EDEDED,#EDEDED,#EDEDED,#EDEDED,#000000,#000000,#000000,#000000,#000000,#000000,#000000,#EDEDED,#EDEDED,#EDEDED,#EDEDED,#EDEDED,#EDEDED,#EDEDED,#EDEDED,#EDEDED,#EDEDED,#EDEDED,#EDEDED,#EDEDED,#EDEDED,#EDEDED,#EDEDED,#EDEDED,#EDEDED,#EDEDED,#EDEDED,#EDEDED,#EDEDED,#EDEDED,#EDEDED,#EDEDED,#EDEDED,#EDEDED,#EDEDED,#EDEDED,#EDEDED,#EDEDED,#EDEDED,#EDEDED,#EDEDED,#EDEDED,#EDEDED,#EDEDED,#EDEDED,#EDEDED,#EDEDED,#EDEDED,#EDEDED,#EDEDED,#EDEDED,#EDEDED,#EDEDED,#EDEDED,#EDEDED,#EDEDED,#EDEDED,#EDEDED,#EDEDED,#EDEDED,#EDEDED,#EDEDED,#EDEDED,#EDEDED,#EDEDED,#EDEDED,#EDEDED,#EDEDED,#EDEDED,#EDEDED,#EDEDED,#EDEDED,#EDEDED,#EDEDED,#EDEDED,#EDEDED,#EDEDED,#EDEDED,#EDEDED,#EDEDED,#EDEDED
#EDEDED,#EDEDED,#EDEDED,#EDEDED,#EDEDED,#EDEDED,#EDEDED,#EDEDED,#EDEDED,#EDEDED,#EDEDED,#EDEDED,#EDEDED,#EDEDED,#EDEDED,#EDEDED,#EDEDED,#EDEDED,#000000,#000000,#000000,#000000,#000000,#000000,#000000,#000000,#000000,#000000,#EDEDED,#EDEDED,#EDEDED,#EDEDED,#EDEDED,#EDEDED,#EDEDED,#EDEDED,#EDEDED,#EDEDED,#EDEDED,#EDEDED,#EDEDED,#EDEDED,#EDEDED,#EDEDED,#EDEDED,#EDEDED,#EDEDED,#EDEDED,#EDEDED,#EDEDED,#EDEDED,#EDEDED,#EDEDED,#EDEDED,#EDEDED,#EDEDED,#EDEDED,#EDEDED,#EDEDED,#EDEDED,#EDEDED,#EDEDED,#EDEDED,#EDEDED,#EDEDED,#EDEDED,#EDEDED,#EDEDED,#EDEDED,#EDEDED,#EDEDED,#EDEDED,#EDEDED,#EDEDED,#EDEDED,#EDEDED,#EDEDED,#EDEDED,#EDEDED,#EDEDED,#EDEDED,#EDEDED,#EDEDED,#EDEDED,#EDEDED,#EDEDED,#EDEDED,#EDEDED,#EDEDED,#EDEDED,#EDEDED,#EDEDED,#EDEDED,#EDEDED,#EDEDED,#EDEDED,#EDEDED,#EDEDED,#EDEDED,#EDEDED
#EDEDED,#EDEDED,#EDEDED,#EDEDED,#EDEDED,#EDEDED,#EDEDED,#EDEDED,#EDEDED,#EDEDED,#EDEDED,#EDEDED,#EDEDED,#EDEDED,#EDEDED,#EDEDED,#EDEDED,#EDEDED,#EDEDED,#000000,#000000,#000000,#000000,#000000,#000000,#000000,#000000,#000000,#EDEDED,#EDEDED,#EDEDED,#EDEDED,#EDEDED,#EDEDED,#EDEDED,#EDEDED,#EDEDED,#EDEDED,#EDEDED,#EDEDED,#EDEDED,#EDEDED,#EDEDED,#EDEDED,#EDEDED,#EDEDED,#EDEDED,#EDEDED,#EDEDED,#EDEDED,#EDEDED,#EDEDED,#EDEDED,#EDEDED,#EDEDED,#EDEDED,#EDEDED,#EDEDED,#EDEDED,#EDEDED,#EDEDED,#EDEDED,#EDEDED,#EDEDED,#EDEDED,#EDEDED,#EDEDED,#EDEDED,#EDEDED,#EDEDED,#EDEDED,#EDEDED,#EDEDED,#EDEDED,#EDEDED,#EDEDED,#EDEDED,#EDEDED,#EDEDED,#EDEDED,#EDEDED,#EDEDED,#EDEDED,#EDEDED,#EDEDED,#EDEDED,#EDEDED,#EDEDED,#EDEDED,#EDEDED,#EDEDED,#EDEDED,#EDEDED,#EDEDED,#EDEDED,#EDEDED,#EDEDED,#EDEDED,#EDEDED,#EDEDED
#EDEDED,#EDEDED,#EDEDED,#EDEDED,#EDEDED,#EDEDED,#EDEDED,#EDEDED,#EDEDED,#EDEDED,#EDEDED,#EDEDED,#EDEDED,#EDEDED,#EDEDED,#EDEDED,#EDEDED,#EDEDED,#000000,#000000,#000000,#000000,#000000,#000000,#000000,#000000,#000000,#000000,#EDEDED,#000000,#EDEDED,#EDEDED,#EDEDED,#EDEDED,#EDEDED,#EDEDED,#EDEDED,#EDEDED,#EDEDED,#EDEDED,#EDEDED,#EDEDED,#EDEDED,#EDEDED,#EDEDED,#EDEDED,#EDEDED,#EDEDED,#EDEDED,#EDEDED,#EDEDED,#EDEDED,#EDEDED,#EDEDED,#EDEDED,#EDEDED,#EDEDED,#EDEDED,#EDEDED,#EDEDED,#EDEDED,#EDEDED,#EDEDED,#EDEDED,#EDEDED,#EDEDED,#EDEDED,#EDEDED,#EDEDED,#EDEDED,#EDEDED,#EDEDED,#EDEDED,#EDEDED,#EDEDED,#EDEDED,#EDEDED,#EDEDED,#EDEDED,#EDEDED,#EDEDED,#EDEDED,#EDEDED,#EDEDED,#EDEDED,#EDEDED,#EDEDED,#EDEDED,#EDEDED,#EDEDED,#EDEDED,#EDEDED,#EDEDED,#EDEDED,#EDEDED,#EDEDED,#EDEDED,#EDEDED,#EDEDED,#EDEDED
#EDEDED,#EDEDED,#EDEDED,#EDEDED,#EDEDED,#EDEDED,#EDEDED,#EDEDED,#EDEDED,#EDEDED,#EDEDED,#EDEDED,#EDEDED,#EDEDED,#EDEDED,#EDEDED,#EDEDED,#EDEDED,#EDEDED,#000000,#000000,#000000,#000000,#000000,#000000,#000000,#000000,#000000,#000000,#000000,#EDEDED,#EDEDED,#EDEDED,#EDEDED,#EDEDED,#EDEDED,#EDEDED,#EDEDED,#EDEDED,#EDEDED,#EDEDED,#EDEDED,#EDEDED,#EDEDED,#EDEDED,#EDEDED,#EDEDED,#EDEDED,#EDEDED,#EDEDED,#EDEDED,#EDEDED,#EDEDED,#EDEDED,#EDEDED,#EDEDED,#EDEDED,#EDEDED,#EDEDED,#EDEDED,#EDEDED,#EDEDED,#EDEDED,#EDEDED,#EDEDED,#EDEDED,#EDEDED,#EDEDED,#EDEDED,#EDEDED,#EDEDED,#EDEDED,#EDEDED,#EDEDED,#EDEDED,#EDEDED,#EDEDED,#EDEDED,#EDEDED,#EDEDED,#EDEDED,#EDEDED,#EDEDED,#EDEDED,#EDEDED,#EDEDED,#EDEDED,#EDEDED,#EDEDED,#EDEDED,#EDEDED,#EDEDED,#EDEDED,#EDEDED,#EDEDED,#EDEDED,#EDEDED,#EDEDED,#EDEDED,#EDEDED
#EDEDED,#EDEDED,#EDEDED,#EDEDED,#EDEDED,#EDEDED,#EDEDED,#EDEDED,#EDEDED,#EDEDED,#EDEDED,#EDEDED,#EDEDED,#EDEDED,#EDEDED,#EDEDED,#EDEDED,#EDEDED,#EDEDED,#000000,#000000,#000000,#000000,#000000,#000000,#000000,#000000,#000000,#000000,#000000,#EDEDED,#EDEDED,#EDEDED,#EDEDED,#EDEDED,#EDEDED,#EDEDED,#EDEDED,#EDEDED,#D9D9D9,#EDEDED,#EDEDED,#EDEDED,#EDEDED,#EDEDED,#EDEDED,#EDEDED,#EDEDED,#EDEDED,#EDEDED,#EDEDED,#EDEDED,#EDEDED,#EDEDED,#EDEDED,#EDEDED,#EDEDED,#EDEDED,#EDEDED,#EDEDED,#EDEDED,#EDEDED,#EDEDED,#EDEDED,#EDEDED,#EDEDED,#EDEDED,#EDEDED,#EDEDED,#EDEDED,#EDEDED,#EDEDED,#EDEDED,#EDEDED,#EDEDED,#EDEDED,#EDEDED,#EDEDED,#EDEDED,#EDEDED,#EDEDED,#EDEDED,#EDEDED,#EDEDED,#EDEDED,#EDEDED,#EDEDED,#EDEDED,#EDEDED,#EDEDED,#EDEDED,#EDEDED,#EDEDED,#EDEDED,#EDEDED,#EDEDED,#EDEDED,#EDEDED,#D9D9D9,#EDEDED
#EDEDED,#EDEDED,#EDEDED,#EDEDED,#EDEDED,#EDEDED,#EDEDED,#EDEDED,#EDEDED,#EDEDED,#EDEDED,#EDEDED,#D9D9D9,#EDEDED,#D9D9D9,#EDEDED,#EDEDED,#EDEDED,#EDEDED,#000000,#000000,#000000,#000000,#000000,#000000,#000000,#000000,#000000,#000000,#2F2B2F,#000000,#000000,#000000,#EDEDED,#EDEDED,#EDEDED,#EDEDED,#EDEDED,#EDEDED,#EDEDED,#EDEDED,#EDEDED,#EDEDED,#EDEDED,#EDEDED,#EDEDED,#EDEDED,#EDEDED,#EDEDED,#EDEDED,#EDEDED,#EDEDED,#EDEDED,#000000,#000000,#000000,#000000,#000000,#000000,#2F2B2F,#000000,#2F2B2F,#000000,#000000,#000000,#EDEDED,#EDEDED,#EDEDED,#EDEDED,#EDEDED,#EDEDED,#EDEDED,#EDEDED,#EDEDED,#EDEDED,#EDEDED,#EDEDED,#EDEDED,#EDEDED,#EDEDED,#EDEDED,#EDEDED,#EDEDED,#EDEDED,#EDEDED,#EDEDED,#EDEDED,#EDEDED,#EDEDED,#EDEDED,#EDEDED,#EDEDED,#EDEDED,#EDEDED,#EDEDED,#EDEDED,#EDEDED,#EDEDED,#EDEDED,#EDEDED
#EDEDED,#EDEDED,#EDEDED,#EDEDED,#EDEDED,#EDEDED,#EDEDED,#EDEDED,#EDEDED,#EDEDED,#EDEDED,#EDEDED,#EDEDED,#EDEDED,#EDEDED,#EDEDED,#EDEDED,#EDEDED,#EDEDED,#000000,#000000,#000000,#000000,#000000,#000000,#000000,#000000,#000000,#000000,#000000,#000000,#000000,#000000,#EDEDED,#EDEDED,#EDEDED,#EDEDED,#EDEDED,#EDEDED,#EDEDED,#EDEDED,#EDEDED,#EDEDED,#EDEDED,#EDEDED,#EDEDED,#EDEDED,#EDEDED,#EDEDED,#EDEDED,#EDEDED,#EDEDED,#EDEDED,#EDEDED,#000000,#000000,#000000,#000000,#000000,#000000,#000000,#000000,#000000,#000000,#000000,#EDEDED,#EDEDED,#EDEDED,#EDEDED,#EDEDED,#EDEDED,#EDEDED,#EDEDED,#EDEDED,#EDEDED,#EDEDED,#EDEDED,#EDEDED,#EDEDED,#EDEDED,#EDEDED,#EDEDED,#EDEDED,#EDEDED,#EDEDED,#EDEDED,#EDEDED,#EDEDED,#EDEDED,#EDEDED,#EDEDED,#EDEDED,#EDEDED,#EDEDED,#EDEDED,#D9D9D9,#EDEDED,#EDEDED,#EDEDED,#EDEDED
#EDEDED,#EDEDED,#EDEDED,#EDEDED,#EDEDED,#EDEDED,#EDEDED,#EDEDED,#EDEDED,#EDEDED,#EDEDED,#EDEDED,#EDEDED,#EDEDED,#EDEDED,#EDEDED,#EDEDED,#EDEDED,#000000,#000000,#000000,#000000,#000000,#000000,#000000,#000000,#000000,#000000,#000000,#000000,#000000,#000000,#000000,#000000,#000000,#000000,#000000,#EE8C3E,#B0A782,#EE8C3E,#EDEDED,#B0A9AC,#EE8C3E,#EE8C3E,#EDEDED,#EDEDED,#EDEDED,#EDEDED,#EDEDED,#000000,#000000,#000000,#000000,#000000,#000000,#000000,#000000,#000000,#000000,#000000,#000000,#000000,#000000,#EDEDED,#EDEDED,#EDEDED,#EDEDED,#EDEDED,#EDEDED,#EDEDED,#EDEDED,#EDEDED,#EDEDED,#EDEDED,#EDEDED,#EDEDED,#EDEDED,#EDEDED,#EDEDED,#EDEDED,#EDEDED,#EDEDED,#EDEDED,#EDEDED,#EDEDED,#EDEDED,#EDEDED,#EDEDED,#EDEDED,#EDEDED,#EDEDED,#EDEDED,#EDEDED,#EDEDED,#EDEDED,#EDEDED,#EDEDED,#EDEDED,#EDEDED,#EDEDED
#EDEDED,#FFFFFF,#EDEDED,#EDEDED,#EDEDED,#EDEDED,#EDEDED,#EDEDED,#EDEDED,#EDEDED,#EDEDED,#EDEDED,#EDEDED,#EDEDED,#EDEDED,#EDEDED,#EDEDED,#EDEDED,#EDEDED,#000000,#000000,#000000,#000000,#000000,#000000,#000000,#000000,#000000,#000000,#000000,#000000,#000000,#000000,#000000,#000000,#000000,#000000,#1D1414,#E6B483,#EE8C3E,#EE8C3E,#FFD67D,#EE8C3E,#FD8324,#EDEDED,#EDEDED,#EDEDED,#EDEDED,#EDEDED,#000000,#000000,#000000,#000000,#000000,#000000,#000000,#000000,#000000,#000000,#000000,#000000,#000000,#000000,#EDEDED,#EDEDED,#EDEDED,#EDEDED,#EDEDED,#EDEDED,#EDEDED,#EDEDED,#EDEDED,#EDEDED,#EDEDED,#EDEDED,#EDEDED,#EDEDED,#EDEDED,#EDEDED,#EDEDED,#EDEDED,#EDEDED,#EDEDED,#EDEDED,#EDEDED,#EDEDED,#EDEDED,#EDEDED,#EDEDED,#EDEDED,#EDEDED,#EDEDED,#EDEDED,#EDEDED,#EDEDED,#EDEDED,#EDEDED,#EDEDED,#FFFFFF,#EDEDED
#EDEDED,#EDEDED,#EDEDED,#EDEDED,#EDEDED,#EDEDED,#EDEDED,#EDEDED,#EDEDED,#EDEDED,#EDEDED,#EDEDED,#EDEDED,#EDEDED,#EDEDED,#EDEDED,#EDEDED,#000000,#000000,#000000,#000000,#000000,#000000,#000000,#000000,#000000,#000000,#000000,#000000,#000000,#000000,#000000,#000000,#000000,#000000,#000000,#000000,#EE8C3E,#EE8C3E,#EE8C3E,#FD8324,#FD8324,#EE8C3E,#FD8324,#000000,#000000,#000000,#EDEDED,#000000,#000000,#000000,#000000,#000000,#000000,#000000,#000000,#000000,#000000,#000000,#000000,#000000,#000000,#000000,#EDEDED,#EDEDED,#EDEDED,#EDEDED,#EDEDED,#EDEDED,#EDEDED,#EDEDED,#EDEDED,#EDEDED,#EDEDED,#EDEDED,#EDEDED,#EDEDED,#EDEDED,#EDEDED,#EDEDED,#EDEDED,#D9D9D9,#EDEDED,#EDEDED,#EDEDED,#EDEDED,#EDEDED,#EDEDED,#EDEDED,#EDEDED,#EDEDED,#EDEDED,#EDEDED,#EDEDED,#EDEDED,#EDEDED,#EDEDED,#EDEDED,#EDEDED,#EDEDED
#EDEDED,#EDEDED,#EDEDED,#EDEDED,#EDEDED,#EDEDED,#EDEDED,#EDEDED,#EDEDED,#EDEDED,#EDEDED,#EDEDED,#EDEDED,#EDEDED,#EDEDED,#EDEDED,#000000,#000000,#000000,#000000,#000000,#000000,#000000,#000000,#000000,#000000,#000000,#000000,#000000,#000000,#000000,#000000,#000000,#000000,#000000,#FF995B,#EE8C3E,#EE8C3E,#EE8C3E,#EE8C3E,#EE8C3E,#EE8C3E,#EE8C3E,#FD8324,#000000,#000000,#000000,#000000,#000000,#000000,#000000,#000000,#000000,#000000,#BC0028,#BC0028,#BC0028,#BC0028,#000000,#000000,#000000,#EDEDED,#EDEDED,#EDEDED,#EDEDED,#EDEDED,#EDEDED,#EDEDED,#EDEDED,#EDEDED,#EDEDED,#EDEDED,#EDEDED,#EDEDED,#EDEDED,#EDEDED,#EDEDED,#EDEDED,#EDEDED,#EDEDED,#EDEDED,#EDEDED,#EDEDED,#EDEDED,#EDEDED,#EDEDED,#EDEDED,#EDEDED,#EDEDED,#EDEDED,#EDEDED,#EDEDED,#EDEDED,#EDEDED,#EDEDED,#EDEDED,#EDEDED,#EDEDED,#EDEDED,#EDEDED
#EDEDED,#EDEDED,#EDEDED,#EDEDED,#EDEDED,#EDEDED,#EDEDED,#EDEDED,#EDEDED,#EDEDED,#EDEDED,#EDEDED,#EDEDED,#EDEDED,#EDEDED,#EDEDED,#000000,#000000,#000000,#000000,#000000,#000000,#000000,#000000,#000000,#000000,#000000,#000000,#000000,#000000,#000000,#1D1414,#000000,#000000,#000000,#EE8C3E,#EE8C3E,#EE8C3E,#E6B483,#EE8C3E,#E6B483,#1D1414,#E6B483,#E6B483,#000000,#000000,#000000,#000000,#000000,#000000,#000000,#000000,#1D1414,#000000,#BC0028,#BC0028,#BC0028,#BC0028,#1D1414,#1D1414,#000000,#EDEDED,#EDEDED,#EDEDED,#FCDDD2,#EDEDED,#EDEDED,#EDEDED,#EDEDED,#EDEDED,#EDEDED,#EDEDED,#EDEDED,#EDEDED,#EDEDED,#EDEDED,#EDEDED,#EDEDED,#EDEDED,#EDEDED,#EDEDED,#EDEDED,#EDEDED,#EDEDED,#EDEDED,#EDEDED,#EDEDED,#EDEDED,#EDEDED,#EDEDED,#EDEDED,#EDEDED,#EDEDED,#EDEDED,#EDEDED,#EDEDED,#EDEDED,#EDEDED,#EDEDED,#D9D9D9
#EDEDED,#EDEDED,#EDEDED,#EDEDED,#EDEDED,#EDEDED,#EDEDED,#EDEDED,#EDEDED,#EDEDED,#EDEDED,#EDEDED,#EDEDED,#EDEDED,#EDEDED,#EDEDED,#000000,#000000,#000000,#000000,#000000,#000000,#000000,#000000,#000000,#000000,#000000,#000000,#D19066,#D19066,#D19066,#FEA324,#D19066,#D37C46,#D37C46,#EE8C3E,#EE8C3E,#FF995B,#1D1414,#000000,#000000,#000000,#000000,#000000,#000000,#000000,#000000,#000000,#000000,#000000,#000000,#000000,#8A4526,#8A4526,#BC0028,#E7002F,#E7002F,#E7002F,#8A4526,#8A4526,#C1444A,#EE8C3E,#EE8C3E,#E6B483,#E6B483,#D19066,#EDEDED,#EDEDED,#EDEDED,#EDEDED,#EDEDED,#EDEDED,#EDEDED,#EDEDED,#EDEDED,#EDEDED,#EDEDED,#EDEDED,#EDEDED,#EDEDED,#EDEDED,#EDEDED,#EDEDED,#EDEDED,#EDEDED,#EDEDED,#EDEDED,#EDEDED,#EDEDED,#EDEDED,#EDEDED,#EDEDED,#EDEDED,#EDEDED,#EDEDED,#EDEDED,#EDEDED,#EDEDED,#EDEDED,#EDEDED
#EDEDED,#EDEDED,#EDEDED,#EDEDED,#EDEDED,#EDEDED,#EDEDED,#EDEDED,#EDEDED,#EDEDED,#EDEDED,#EDEDED,#EDEDED,#EDEDED,#EDEDED,#EDEDED,#000000,#000000,#000000,#000000,#000000,#000000,#000000,#000000,#000000,#000000,#000000,#000000,#EE8C3E,#EE8C3E,#EE8C3E,#EE8C3E,#EE8C3E,#FD8324,#EE8C3E,#EE8C3E,#FD8324,#000000,#000000,#000000,#000000,#000000,#000000,#000000,#000000,#000000,#000000,#000000,#000000,#000000,#000000,#8A4526,#971937,#971937,#E7002F,#E7002F,#E7002F,#BC0028,#971937,#971937,#971937,#FEA324,#EE8C3E,#FF995B,#FF995B,#D19066,#EDEDED,#EDEDED,#EDEDED,#EDEDED,#EDEDED,#EDEDED,#EDEDED,#EDEDED,#EDEDED,#EDEDED,#EDEDED,#EDEDED,#EDEDED,#EDEDED,#EDEDED,#EDEDED,#EDEDED,#EDEDED,#EDEDED,#EDEDED,#EDEDED,#EDEDED,#EDEDED,#EDEDED,#EDEDED,#EDEDED,#EDEDED,#EDEDED,#EDEDED,#EDEDED,#EDEDED,#EDEDED,#EDEDED,#EDEDED
#EDEDED,#EDEDED,#EDEDED,#EDEDED,#EDEDED,#EDEDED,#EDEDED,#EDEDED,#EDEDED,#EDEDED,#EDEDED,#EDEDED,#EDEDED,#EDEDED,#EDEDED,#EDEDED,#000000,#000000,#000000,#000000,#000000,#000000,#000000,#000000,#000000,#000000,#F35744,#B38281,#EE8C3E,#EE8C3E,#EE8C3E,#EE8C3E,#EE8C3E,#1D1414,#EE8C3E,#EE8C3E,#EE8C3E,#000000,#000000,#000000,#000000,#000000,#000000,#000000,#000000,#000000,#000000,#000000,#000000,#000000,#000000,#971937,#971937,#971937,#E7002F,#E7002F,#E7002F,#E7002F,#971937,#971937,#971937,#FEC2A6,#FEC2A6,#FEC2A6,#FF995B,#EDEDED,#EDEDED,#EDEDED,#EDEDED,#EDEDED,#EDEDED,#EDEDED,#EDEDED,#EDEDED,#EDEDED,#EDEDED,#EDEDED,#EDEDED,#EDEDED,#EDEDED,#EDEDED,#EDEDED,#EDEDED,#EDEDED,#EDEDED,#EDEDED,#EDEDED,#EDEDED,#EDEDED,#EDEDED,#EDEDED,#EDEDED,#EDEDED,#EDEDED,#EDEDED,#EDEDED,#EDEDED,#EDEDED,#EDEDED,#EDEDED
#EDEDED,#EDEDED,#EDEDED,#EDEDED,#EDEDED,#EDEDED,#EDEDED,#EDEDED,#EDEDED,#EDEDED,#EDEDED,#EDEDED,#EDEDED,#EDEDED,#EDEDED,#EDEDED,#000000,#000000,#000000,#000000,#000000,#000000,#000000,#000000,#000000,#000000,#F35744,#F35744,#EE8C3E,#EE8C3E,#EE8C3E,#EE8C3E,#000000,#000000,#000000,#000000,#000000,#000000,#000000,#000000,#000000,#000000,#000000,#000000,#000000,#000000,#000000,#000000,#000000,#971937,#971937,#971937,#BC0028,#E7002F,#F35744,#E7002F,#FC283C,#FC283C,#BC0028,#BC0028,#BC0028,#FEC2A6,#FEC2A6,#FEC2A6,#FCDDD2,#FEC2A6,#EDEDED,#EDEDED,#EDEDED,#EDEDED,#EDEDED,#EDEDED,#EDEDED,#EDEDED,#EDEDED,#EDEDED,#EDEDED,#EDEDED,#EDEDED,#EDEDED,#EDEDED,#EDEDED,#EDEDED,#EDEDED,#EDEDED,#EDEDED,#EDEDED,#EDEDED,#EDEDED,#EDEDED,#EDEDED,#EDEDED,#EDEDED,#EDEDED,#EDEDED,#EDEDED,#EDEDED,#EDEDED,#EDEDED,#EDEDED
#EDEDED,#EDEDED,#EDEDED,#EDEDED,#EDEDED,#EDEDED,#EDEDED,#EDEDED,#EDEDED,#EDEDED,#EDEDED,#EDEDED,#EDEDED,#EDEDED,#EDEDED,#EDEDED,#000000,#000000,#000000,#000000,#000000,#000000,#000000,#000000,#000000,#000000,#F35744,#F35744,#EE8C3E,#FEA324,#FD8324,#FD8324,#1D1414,#000000,#000000,#000000,#000000,#000000,#000000,#000000,#000000,#000000,#000000,#000000,#000000,#000000,#000000,#000000,#000000,#971937,#971937,#971937,#BC0028,#BC0028,#E7002F,#E7002F,#E7002F,#E7002F,#BC0028,#BC0028,#971937,#FCDDD2,#FCDDD2,#FFFFFF,#FCDDD2,#FEC2A6,#EDEDED,#EDEDED,#EDEDED,#EDEDED,#EDEDED,#EDEDED,#EDEDED,#EDEDED,#EDEDED,#EDEDED,#EDEDED,#EDEDED,#EDEDED,#EDEDED,#EDEDED,#EDEDED,#EDEDED,#EDEDED,#EDEDED,#EDEDED,#EDEDED,#EDEDED,#EDEDED,#EDEDED,#EDEDED,#EDEDED,#EDEDED,#EDEDED,#EDEDED,#EDEDED,#EDEDED,#EDEDED,#EDEDED,#EDEDED
#EDEDED,#EDEDED,#EDEDED,#EDEDED,#EDEDED,#EDEDED,#EDEDED,#EDEDED,#EDEDED,#EDEDED,#EDEDED,#EDEDED,#EDEDED,#EDEDED,#EDEDED,#EDEDED,#F7B4C6,#971937,#971937,#971937,#8A4526,#000000,#000000,#000000,#F35744,#F35744,#F35744,#F35744,#EE8C3E,#FD8324,#000000,#000000,#000000,#000000,#000000,#000000,#000000,#000000,#000000,#000000,#000000,#000000,#000000,#000000,#000000,#8D614C,#971937,#971937,#971937,#BC0028,#BC0028,#E7002F,#F35744,#BC0028,#BC0028,#E7002F,#E7002F,#E7002F,#FC283C,#BC0028,#BC0028,#FCDDD2,#FCDDD2,#FFFFFF,#FFFFFF,#EDEDED,#EDEDED,#FCDDD2,#BC0028,#EDEDED,#EDEDED,#EDEDED,#EDEDED,#EDEDED,#EDEDED,#EDEDED,#EDEDED,#EDEDED,#EDEDED,#EDEDED,#EDEDED,#EDEDED,#EDEDED,#EDEDED,#EDEDED,#EDEDED,#EDEDED,#EDEDED,#EDEDED,#EDEDED,#EDEDED,#EDEDED,#EDEDED,#EDEDED,#EDEDED,#EDEDED,#EDEDED,#EDEDED,#EDEDED,#EDEDED
#EDEDED,#EDEDED,#BCC6B8,#EDEDED,#EDEDED,#EDEDED,#EDEDED,#EDEDED,#EDEDED,#EDEDED,#EDEDED,#EDEDED,#EDEDED,#EDEDED,#EDEDED,#EDEDED,#F7B4C6,#971937,#971937,#971937,#971937,#000000,#000000,#F35744,#F35744,#F35744,#F35744,#F35744,#D19066,#FF995B,#000000,#000000,#000000,#000000,#000000,#000000,#000000,#000000,#000000,#000000,#000000,#000000,#000000,#000000,#000000,#971937,#971937,#971937,#971937,#BC0028,#BC0028,#BC0028,#E7002F,#BC0028,#FEC2A6,#E7002F,#E7002F,#E7002F,#BC0028,#BC0028,#E4A89F,#FCDDD2,#FEC2A6,#FFFFFF,#FFFFFF,#EDEDED,#EDEDED,#EDEDED,#BC0028,#EDEDED,#EDEDED,#EDEDED,#EDEDED,#EDEDED,#EDEDED,#EDEDED,#EDEDED,#EDEDED,#EDEDED,#EDEDED,#EDEDED,#EDEDED,#EDEDED,#EDEDED,#EDEDED,#9A9D94,#EDEDED,#EDEDED,#EDEDED,#EDEDED,#EDEDED,#EDEDED,#EDEDED,#EDEDED,#EDEDED,#EDEDED,#EDEDED,#EDEDED,#D9D9D9,#EDEDED
#EDEDED,#EDEDED,#EDEDED,#EDEDED,#EDEDED,#EDEDED,#EDEDED,#EDEDED,#EDEDED,#D9D9D9,#EDEDED,#EDEDED,#EDEDED,#EDEDED,#EDEDED,#EDEDED,#A56268,#971937,#971937,#971937,#971937,#E2677A,#E2677A,#F35744,#F35744,#F35744,#FEA324,#EE8C3E,#000000,#000000,#000000,#000000,#000000,#000000,#000000,#000000,#000000,#000000,#000000,#000000,#EDEDED,#EDEDED,#FCDDD2,#EDEDED,#971937,#971937,#971937,#BC0028,#BC0028,#BC0028,#BC0028,#BC0028,#E7002F,#E7002F,#E7002F,#E7002F,#BC0028,#BC0028,#EE8C3E,#EE8C3E,#FEC2A6,#FEC2A6,#FEC2A6,#E3D2BC,#E3D2BC,#971937,#BC0028,#971937,#BC0028,#BC0028,#971937,#971937,#BC0028,#BC0028,#EDEDED,#EDEDED,#EDEDED,#EDEDED,#EDEDED,#EDEDED,#EDEDED,#D9D9D9,#D19066,#FF995B,#D19066,#AD6F3C,#EDEDED,#EDEDED,#EDEDED,#EDEDED,#EDEDED,#EDEDED,#EDEDED,#EDEDED,#EDEDED,#EDEDED,#EDEDED,#EDEDED,#EDEDED,#EDEDED
#EDEDED,#EDEDED,#EDEDED,#EDEDED,#EDEDED,#EDEDED,#EDEDED,#EDEDED,#EDEDED,#EDEDED,#EDEDED,#EDEDED,#EDEDED,#EDEDED,#EDEDED,#EDEDED,#EDEDED,#971937,#971937,#971937,#971937,#F35744,#F35744,#F35744,#F35744,#F35744,#EE8C3E,#1D1414,#000000,#000000,#000000,#000000,#000000,#000000,#000000,#000000,#000000,#000000,#000000,#000000,#FCDDD2,#FCDDD2,#FCDDD2,#EDEDED,#EDEDED,#971937,#971937,#BC0028,#BC0028,#BC0028,#BC0028,#E7002F,#E7002F,#BC0028,#E7002F,#BC0028,#BC0028,#BC0028,#EE8C3E,#FD8324,#FEA324,#FCDDD2,#FCDDD2,#FCDDD2,#FCDDD2,#FEC2A6,#BC0028,#971937,#BC0028,#BC0028,#BC0028,#BC0028,#BC0028,#BC0028,#EDEDED,#EDEDED,#EDEDED,#EDEDED,#EDEDED,#EDEDED,#B0A9AC,#EDEDED,#EE8C3E,#EE8C3E,#FEC2A6,#EE8C3E,#EDEDED,#EDEDED,#EDEDED,#EDEDED,#EDEDED,#EDEDED,#EDEDED,#EDEDED,#EDEDED,#EDEDED,#EDEDED,#EDEDED,#EDEDED,#EDEDED
#EDEDED,#EDEDED,#EDEDED,#EDEDED,#EDEDED,#EDEDED,#EDEDED,#EDEDED,#EDEDED,#EDEDED,#EDEDED,#EDEDED,#EDEDED,#EDEDED,#E4A89F,#971937,#971937,#971937,#971937,#971937,#971937,#F35744,#F35744,#F35744,#EE8C3E,#F35744,#000000,#000000,#000000,#000000,#000000,#000000,#000000,#000000,#000000,#000000,#000000,#000000,#EDEDED,#EDEDED,#FCDDD2,#FCDDD2,#FEC2A6,#FEC2A6,#971937,#971937,#971937,#BC0028,#971937,#BC0028,#BC0028,#BC0028,#E7002F,#E7002F,#E7002F,#E7002F,#BC0028,#BC0028,#EE8C3E,#EE8C3E,#EE8C3E,#E6B483,#FEC2A6,#FEC2A6,#FEC2A6,#BC0028,#BC0028,#E7002F,#BC0028,#FC283C,#BC0028,#E7002F,#BC0028,#BC0028,#BC0028,#EDEDED,#971937,#EDEDED,#9A9D94,#D9D9D9,#EDEDED,#E6B483,#EDEDED,#EDEDED,#FEC2A6,#EDEDED,#EDEDED,#EDEDED,#EDEDED,#EDEDED,#EDEDED,#EDEDED,#EDEDED,#EDEDED,#EDEDED,#EDEDED,#EDEDED,#EDEDED,#EDEDED,#EDEDED
#EDEDED,#EDEDED,#EDEDED,#EDEDED,#EDEDED,#EDEDED,#EDEDED,#EDEDED,#EDEDED,#EDEDED,#EDEDED,#EDEDED,#971937,#971937,#971937,#E2677A,#971937,#C1444A,#971937,#971937,#F67E66,#F67E66,#F35744,#F35744,#FF995B,#000000,#000000,#000000,#000000,#000000,#000000,#000000,#000000,#000000,#000000,#000000,#000000,#000000,#EDEDED,#EDEDED,#FCDDD2,#FCDDD2,#FEC2A6,#FEC2A6,#FCDDD2,#E2677A,#971937,#971937,#971937,#BC0028,#BC0028,#BC0028,#FD4E6A,#FC283C,#EA8CB1,#E7002F,#971937,#BC0028,#EE8C3E,#EE8C3E,#EE8C3E,#FF995B,#FF995B,#EDB045,#EDB045,#F35744,#971937,#BC0028,#E2677A,#E7002F,#BC0028,#E7002F,#E7002F,#FD4E6A,#BC0028,#971937,#BC0028,#EDEDED,#EDEDED,#FCDDD2,#EE8C3E,#E6B483,#EDEDED,#EDEDED,#EDEDED,#EDEDED,#EDEDED,#EDEDED,#EDEDED,#EDEDED,#EDEDED,#EDEDED,#EDEDED,#EDEDED,#EDEDED,#EDEDED,#EDEDED,#EDEDED,#FFFFFF,#D9D9D9
#EDEDED,#EDEDED,#EDEDED,#EDEDED,#EDEDED,#EDEDED,#EDEDED,#EDEDED,#EDEDED,#EDEDED,#D9D9D9,#EDEDED,#971937,#971937,#971937,#971937,#971937,#C1444A,#971937,#971937,#971937,#F67E66,#F35744,#EE8C3E,#6C372F,#000000,#000000,#000000,#000000,#000000,#000000,#000000,#000000,#000000,#000000,#000000,#000000,#000000,#EDEDED,#FCDDD2,#FCDDD2,#FCDDD2,#EDEDED,#FEC2A6,#971937,#AD6F3C,#FEC2A6,#971937,#971937,#FC283C,#BC0028,#BC0028,#E7002F,#E7002F,#BC0028,#BC0028,#C1444A,#BC0028,#EE8C3E,#EE8C3E,#EE8C3E,#FF995B,#FF995B,#FF995B,#FF995B,#BC0028,#BC0028,#BC0028,#E7002F,#E7002F,#E7002F,#BC0028,#BC0028,#BC0028,#BC0028,#BC0028,#BC0028,#EDEDED,#EDEDED,#FEA324,#E6B483,#EE8C3E,#EDEDED,#EDEDED,#EDEDED,#EDEDED,#EDEDED,#EDEDED,#EDEDED,#EDEDED,#EDEDED,#EDEDED,#EDEDED,#EDEDED,#EDEDED,#EDEDED,#EDEDED,#EDEDED,#EDEDED,#EDEDED
#EDEDED,#EDEDED,#EDEDED,#EDEDED,#EDEDED,#EDEDED,#EDEDED,#EDEDED,#EDEDED,#EDEDED,#EDEDED,#EDEDED,#971937,#971937,#971937,#971937,#971937,#971937,#971937,#5A2121,#971937,#AD6F3C,#EE8C3E,#000000,#000000,#000000,#000000,#000000,#000000,#000000,#000000,#000000,#000000,#000000,#000000,#EDEDED,#FCDDD2,#EDEDED,#FCDDD2,#EDEDED,#FCDDD2,#FFFFFF,#FFFFFF,#FFFFFF,#FFFFFF,#EDEDED,#6C372F,#971937,#971937,#BC0028,#BC0028,#BC0028,#BC0028,#971937,#BC0028,#BC0028,#971937,#8A4526,#FF995B,#FD8324,#EE8C3E,#EE8C3E,#EE8C3E,#EE8C3E,#EE8C3E,#EE8C3E,#971937,#BC0028,#BC0028,#BC0028,#971937,#E7002F,#E7002F,#E7002F,#BC0028,#BC0028,#BC0028,#EDEDED,#EDEDED,#FEC2A6,#FEC2A6,#EDEDED,#EDEDED,#EDEDED,#EDEDED,#EDEDED,#EDEDED,#EDEDED,#EDEDED,#EDEDED,#EDEDED,#EDEDED,#EDEDED,#EDEDED,#EDEDED,#EDEDED,#EDEDED,#EDEDED,#EDEDED,#EDEDED
#D9D9D9,#D9D9D9,#EDEDED,#EDEDED,#EDEDED,#EDEDED,#EDEDED,#EDEDED,#EDEDED,#EDEDED,#EDEDED,#EDEDED,#971937,#971937,#8A4526,#971937,#971937,#971937,#971937,#D19066,#D19066,#E6B483,#E6B483,#EE8C3E,#000000,#000000,#000000,#000000,#000000,#000000,#000000,#000000,#000000,#000000,#000000,#FCDDD2,#FCDDD2,#EDEDED,#FCDDD2,#FCDDD2,#FCDDD2,#FEC2A6,#FFFFFF,#FFFFFF,#EDEDED,#EDEDED,#EDEDED,#971937,#971937,#BC0028,#971937,#971937,#BC0028,#BC0028,#BC0028,#FEC2A6,#971937,#971937,#F67E66,#F67E66,#EE8C3E,#F67E66,#EE8C3E,#F67E66,#EE8C3E,#971937,#971937,#E8649E,#E7002F,#E7002F,#E7002F,#E7002F,#E7002F,#BC0028,#BC0028,#BC0028,#F7B4C6,#FCDDD2,#FCDDD2,#E6B483,#E6B483,#EDEDED,#EDEDED,#EDEDED,#EDEDED,#EDEDED,#EDEDED,#EDEDED,#EDEDED,#EDEDED,#EDEDED,#EDEDED,#EDEDED,#EDEDED,#EDEDED,#EDEDED,#EDEDED,#EDEDED,#D9D9D9,#EDEDED
#EDEDED,#EDEDED,#EDEDED,#EDEDED,#EDEDED,#EDEDED,#EDEDED,#EDEDED,#EDEDED,#EDEDED,#EDEDED,#EDEDED,#EDEDED,#EDEDED,#971937,#F35744,#F35744,#E2677A,#FEC2A6,#FEC2A6,#FEC2A6,#000000,#000000,#000000,#000000,#000000,#000000,#000000,#000000,#000000,#9A9D94,#EDEDED,#E3D2BC,#EDEDED,#9A9D94,#FCDDD2,#FCDDD2,#FCDDD2,#FFFFFF,#FFFFFF,#FFFFFF,#FFFFFF,#FFFFFF,#FFFFFF,#FFFFFF,#FFFFFF,#FFFFFF,#FCDDD2,#EDEDED,#971937,#971937,#971937,#971937,#971937,#971937,#CD9391,#EDEDED,#EDEDED,#C1444A,#C1444A,#C1444A,#A94023,#BC0028,#C1444A,#BC0028,#BC0028,#C1444A,#C1444A,#E7002F,#E7002F,#E7002F,#E7002F,#BC0028,#BC0028,#BC0028,#BC0028,#BC0028,#E6B483,#E6B483,#D19066,#E6B483,#EDEDED,#EDEDED,#EDEDED,#E3D2BC,#E6B483,#EDEDED,#EDEDED,#EDEDED,#EDEDED,#EDEDED,#EDEDED,#EDEDED,#EDEDED,#EDEDED,#EDEDED,#EDEDED,#EDEDED,#EDEDED,#EDEDED
#EDEDED,#EDEDED,#EDEDED,#EDEDED,#EDEDED,#EDEDED,#EDEDED,#EDEDED,#EDEDED,#EDEDED,#EDEDED,#EDEDED,#EDEDED,#EDEDED,#C9675E,#F35744,#F35744,#F35744,#F35744,#FFD67D,#FFD67D,#000000,#000000,#000000,#000000,#000000,#000000,#000000,#000000,#000000,#000000,#FCDDD2,#FCDDD2,#FCDDD2,#FCDDD2,#FEC2A6,#FEC2A6,#FCDDD2,#FFFFFF,#FFFFFF,#FFFFFF,#FFFFFF,#FFFFFF,#FFFFFF,#FFFFFF,#FFFFFF,#FFFFFF,#EDEDED,#EDEDED,#971937,#971937,#971937,#971937,#971937,#971937,#971937,#EDEDED,#EDEDED,#EDEDED,#971937,#971937,#BC0028,#BC0028,#BC0028,#BC0028,#E7002F,#E7002F,#E7002F,#E7002F,#E7002F,#E7002F,#E7002F,#BC0028,#BC0028,#BC0028,#BC0028,#BC0028,#FF995B,#D19066,#E6B483,#E6B483,#EDEDED,#EDEDED,#EDEDED,#E6B483,#E6B483,#EDEDED,#EDEDED,#EDEDED,#EDEDED,#EDEDED,#EDEDED,#EDEDED,#EDEDED,#EDEDED,#EDEDED,#EDEDED,#EDEDED,#EDEDED,#EDEDED
#EDEDED,#EDEDED,#EDEDED,#EDEDED,#EDEDED,#EDEDED,#EDEDED,#EDEDED,#EDEDED,#EDEDED,#EDEDED,#EDEDED,#EDEDED,#EDEDED,#F35744,#F35744,#FEC2A6,#FEC2A6,#FEC2A6,#FEC2A6,#FEC2A6,#000000,#000000,#000000,#000000,#000000,#000000,#000000,#000000,#000000,#FCDDD2,#FCDDD2,#FCDDD2,#EDEDED,#FFFFFF,#FFFFFF,#FCDDD2,#EDEDED,#FFFFFF,#FFFFFF,#FFFFFF,#FFFFFF,#FFFFFF,#FFFFFF,#FFFFFF,#FFFFFF,#FFFFFF,#FFFFFF,#EDEDED,#EDEDED,#EDEDED,#EDEDED,#EDEDED,#EDEDED,#EDEDED,#EDEDED,#EDEDED,#EDEDED,#CD9391,#971937,#BC0028,#BC0028,#BC0028,#BC0028,#BC0028,#E7002F,#BC0028,#E7002F,#E7002F,#E7002F,#BC0028,#E7002F,#BC0028,#BC0028,#BC0028,#BC0028,#BC0028,#D19066,#D19066,#D19066,#D19066,#D19066,#E6B483,#E6B483,#E6B483,#E6B483,#EDEDED,#EDEDED,#EDEDED,#EDEDED,#EDEDED,#EDEDED,#EDEDED,#EDEDED,#EDEDED,#EDEDED,#EDEDED,#EDEDED,#EDEDED,#EDEDED
#EDEDED,#EDEDED,#EDEDED,#EDEDED,#EDEDED,#EDEDED,#EDEDED,#EDEDED,#EDEDED,#EDEDED,#EDEDED,#EDEDED,#EE8C3E,#EE8C3E,#F67E66,#F35744,#FEC2A6,#FEC2A6,#FEC2A6,#FEC2A6,#FEC2A6,#000000,#000000,#000000,#000000,#000000,#000000,#000000,#FEC2A6,#FCDDD2,#FCDDD2,#FCDDD2,#FCDDD2,#FFFFFF,#FFFFFF,#FFFFFF,#FFFFFF,#FFFFFF,#FFFFFF,#FFFFFF,#FFFFFF,#FFFFFF,#FFFFFF,#FFFFFF,#FFFFFF,#FFFFFF,#FFFFFF,#FFFFFF,#FFFFFF,#EDEDED,#EDEDED,#EDEDED,#EDEDED,#EDEDED,#EDEDED,#EDEDED,#EDEDED,#EDEDED,#971937,#971937,#971937,#BC0028,#BC0028,#971937,#BC0028,#BC0028,#BC0028,#BC0028,#E2677A,#BC0028,#BC0028,#BC0028,#BC0028,#971937,#BC0028,#BC0028,#F7B4C6,#E6B483,#D19066,#D19066,#D19066,#D19066,#5A2121,#E6B483,#E6B483,#E6B483,#EDEDED,#EDEDED,#EDEDED,#EDEDED,#EDEDED,#EDEDED,#EDEDED,#EDEDED,#EDEDED,#EDEDED,#EDEDED,#EDEDED,#EDEDED,#EDEDED
#EDEDED,#EDEDED,#EDEDED,#EDEDED,#EDEDED,#EDEDED,#EDEDED,#EDEDED,#EDEDED,#EDEDED,#EDEDED,#EDEDED,#EE8C3E,#EE8C3E,#EE8C3E,#F35744,#FEC2A6,#FEC2A6,#000000,#FEC2A6,#FEC2A6,#000000,#000000,#000000,#000000,#000000,#000000,#000000,#FCDDD2,#FCDDD2,#FCDDD2,#FCDDD2,#FCDDD2,#EDEDED,#FFFFFF,#FFFFFF,#FFFFFF,#FFFFFF,#FFFFFF,#FFFFFF,#FFFFFF,#FFFFFF,#FFFFFF,#FFFFFF,#FFFFFF,#FFFFFF,#FFFFFF,#FFFFFF,#FFFFFF,#EDEDED,#FFFFFF,#FFFFFF,#EDEDED,#FFFFFF,#EDEDED,#EDEDED,#EDEDED,#D9D9D9,#971937,#FFFFFF,#971937,#971937,#971937,#BC0028,#BC0028,#BC0028,#BC0028,#BC0028,#BC0028,#BC0028,#BC0028,#BC0028,#BC0028,#BC0028,#BC0028,#BC0028,#BC0028,#D19066,#B88558,#D19066,#D19066,#D19066,#E6B483,#E6B483,#FEC2A6,#E6B483,#EDEDED,#EDEDED,#EDEDED,#EDEDED,#EDEDED,#EDEDED,#EDEDED,#EDEDED,#EDEDED,#EDEDED,#EDEDED,#EDEDED,#EDEDED,#EDEDED
#EDEDED,#FFFFFF,#EDEDED,#EDEDED,#EDEDED,#EDEDED,#EDEDED,#EDEDED,#EDEDED,#EDEDED,#EDEDED,#EDEDED,#EE8C3E,#EE8C3E,#EE8C3E,#FD8324,#000000,#000000,#000000,#000000,#000000,#000000,#000000,#000000,#000000,#000000,#FCDDD2,#FCDDD2,#FFFFFF,#FFFFFF,#FFFFFF,#FFFFFF,#FFFFFF,#FFFFFF,#FFFFFF,#FFFFFF,#FFFFFF,#FFFFFF,#FFFFFF,#FFFFFF,#FFFFFF,#FFFFFF,#FFFFFF,#EDEDED,#EDEDED,#FFFFFF,#FFFFFF,#FFFFFF,#FFFFFF,#FFFFFF,#FFFFFF,#FFFFFF,#FFFFFF,#FFFFFF,#FFFFFF,#FFFFFF,#FFFFFF,#FFFFFF,#FFFFFF,#FFFFFF,#EDEDED,#971937,#971937,#BC0028,#BC0028,#BC0028,#BC0028,#BC0028,#BC0028,#BC0028,#BC0028,#BC0028,#BC0028,#971937,#971937,#D19066,#D19066,#B88558,#B88558,#D19066,#D19066,#D19066,#FEC2A6,#E6B483,#E6B483,#E6B483,#E6B483,#EE8C3E,#FEC2A6,#E6B483,#FEC2A6,#EDEDED,#EDEDED,#EDEDED,#EDEDED,#EDEDED,#EDEDED,#EDEDED,#EDEDED,#EDEDED
#EDEDED,#EDEDED,#EDEDED,#EDEDED,#EDEDED,#EDEDED,#EDEDED,#EDEDED,#EDEDED,#EDEDED,#EDEDED,#EDEDED,#E6B483,#FD8324,#D19066,#D19066,#000000,#000000,#000000,#000000,#000000,#000000,#000000,#000000,#000000,#000000,#FCDDD2,#FCDDD2,#FFFFFF,#FFFFFF,#FFFFFF,#FFFFFF,#FFFFFF,#FFFFFF,#FFFFFF,#FFFFFF,#FFFFFF,#FFFFFF,#FFFFFF,#FFFFFF,#FFFFFF,#FFFFFF,#FFFFFF,#FFFFFF,#FFFFFF,#FFFFFF,#FFFFFF,#FFFFFF,#FFFFFF,#FFFFFF,#FFFFFF,#FFFFFF,#FFFFFF,#FFFFFF,#FFFFFF,#FFFFFF,#FFFFFF,#FFFFFF,#FFFFFF,#FFFFFF,#FFFFFF,#971937,#971937,#BC0028,#BC0028,#BC0028,#971937,#971937,#C1444A,#BC0028,#BC0028,#BC0028,#BC0028,#BC0028,#BC0028,#D19066,#B88558,#B88558,#B88558,#D19066,#D19066,#D19066,#E6B483,#E6B483,#D19066,#E6B483,#D19066,#D19066,#E6B483,#E6B483,#FEC2A6,#EDEDED,#EDEDED,#EDEDED,#EDEDED,#EDEDED,#EDEDED,#EDEDED,#B0A9AC,#EDEDED
#EDEDED,#EDEDED,#EDEDED,#EDEDED,#EDEDED,#EDEDED,#EDEDED,#EDEDED,#EDEDED,#D9D9D9,#EDEDED,#EDEDED,#EDEDED,#EDEDED,#000000,#000000,#000000,#000000,#000000,#000000,#000000,#B0A782,#B0A782,#FCDDD2,#FCDDD2,#9A9D94,#FCDDD2,#EDEDED,#FFFFFF,#FFFFFF,#FFFFFF,#FFFFFF,#FFFFFF,#FFFFFF,#FFFFFF,#FFFFFF,#FFFFFF,#FFFFFF,#FFFFFF,#FFFFFF,#FFFFFF,#FFFFFF,#FFFFFF,#FFFFFF,#FFFFFF,#FFFFFF,#FFFFFF,#EDEDED,#FFFFFF,#FFFFFF,#FFFFFF,#8A4526,#89858C,#89858C,#89858C,#EDEDED,#FFFFFF,#FFFFFF,#EDEDED,#FFFFFF,#FFFFFF,#EDEDED,#EA8CB1,#BC0028,#971937,#971937,#971937,#971937,#971937,#971937,#BC0028,#BC0028,#EDEDED,#EDEDED,#EDEDED,#FF995B,#FF995B,#E6B483,#E6B483,#E6B483,#E6B483,#E6B483,#B88558,#B88558,#D19066,#D19066,#D19066,#D19066,#D19066,#E6B483,#E6B483,#E3D2BC,#E6B483,#EDEDED,#EDEDED,#EDEDED,#EDEDED,#EDEDED,#EDEDED,#EDEDED
#EDEDED,#EDEDED,#EDEDED,#EDEDED,#EDEDED,#EDEDED,#EDEDED,#EDEDED,#EDEDED,#EDEDED,#EDEDED,#EDEDED,#EDEDED,#EDEDED,#000000,#000000,#000000,#000000,#000000,#000000,#000000,#FEC2A6,#FEC2A6,#FEC2A6,#FEC2A6,#FEC2A6,#FFFFFF,#FFFFFF,#FFFFFF,#FFFFFF,#FFFFFF,#FFFFFF,#FFFFFF,#FFFFFF,#FFFFFF,#FFFFFF,#FFFFFF,#FFFFFF,#FFFFFF,#FFFFFF,#FFFFFF,#FFFFFF,#FFFFFF,#FFFFFF,#EDEDED,#FFFFFF,#FFFFFF,#FFFFFF,#FFFFFF,#FFFFFF,#FFFFFF,#EDEDED,#8A4526,#8A4526,#8A4526,#EDEDED,#FFFFFF,#FFFFFF,#EDEDED,#FFFFFF,#EDEDED,#EDEDED,#FFFFFF,#971937,#971937,#971937,#971937,#971937,#971937,#971937,#BC0028,#BC0028,#EDEDED,#EDEDED,#EDEDED,#D19066,#D19066,#FEC2A6,#FEC2A6,#E6B483,#E6B483,#E6B483,#B88558,#B88558,#D19066,#E6B483,#D19066,#D19066,#D19066,#E6B483,#E6B483,#E6B483,#E6B483,#EDEDED,#EDEDED,#EDEDED,#EDEDED,#EDEDED,#EDEDED,#EDEDED
#EDEDED,#EDEDED,#EDEDED,#EDEDED,#EDEDED,#EDEDED,#EDEDED,#EDEDED,#EDEDED,#EDEDED,#EDEDED,#EDEDED,#000000,#000000,#000000,#000000,#FEC2A6,#FEC2A6,#FEC2A6,#EDEDED,#EDEDED,#FFFFFF,#FFFFFF,#FFFFFF,#FFFFFF,#FFFFFF,#FFFFFF,#FFFFFF,#8A4526,#8A4526,#8A4526,#8A4526,#8A4526,#FFFFFF,#FFFFFF,#FFFFFF,#FFFFFF,#FFFFFF,#FFFFFF,#FFFFFF,#FFFFFF,#EDEDED,#FFFFFF,#FFFFFF,#FFFFFF,#FFFFFF,#FFFFFF,#FFFFFF,#FFFFFF,#FFFFFF,#FFFFFF,#8A4526,#8A4526,#8A4526,#8A4526,#EDEDED,#EDEDED,#EDEDED,#EDEDED,#EDEDED,#EDEDED,#8A4526,#8A4526,#8A4526,#8A4526,#971937,#971937,#971937,#971937,#EDEDED,#EDEDED,#EDEDED,#EDEDED,#EDEDED,#EDEDED,#D19066,#D19066,#E6B483,#E6B483,#B88558,#B88558,#B88558,#B88558,#D19066,#D19066,#D19066,#B88558,#B88558,#B88558,#B88558,#D19066,#E6B483,#E6B483,#E6B483,#EDEDED,#FEC2A6,#EDEDED,#EDEDED,#EDEDED,#EDEDED
#EDEDED,#FFFFFF,#EDEDED,#EDEDED,#EDEDED,#EDEDED,#EDEDED,#EDEDED,#EDEDED,#EDEDED,#EDEDED,#EDEDED,#000000,#000000,#000000,#000000,#000000,#FEC2A6,#EDEDED,#EDEDED,#EDEDED,#FFFFFF,#FFFFFF,#FFFFFF,#FFFFFF,#FFFFFF,#FFFFFF,#FFFFFF,#8A4526,#8A4526,#8A4526,#8A4526,#E3D2BC,#FFFFFF,#FFFFFF,#FFFFFF,#FFFFFF,#FFFFFF,#FFFFFF,#FFFFFF,#FFFFFF,#FFFFFF,#FFFFFF,#FFFFFF,#EDEDED,#FFFFFF,#FFFFFF,#FFFFFF,#FFFFFF,#FFFFFF,#FFFFFF,#8D614C,#8A4526,#8A4526,#8A4526,#EDEDED,#EDEDED,#EDEDED,#EDEDED,#EDEDED,#FCDDD2,#8A4526,#8A4526,#8A4526,#8A4526,#8A4526,#FEC2A6,#8D614C,#FEC2A6,#EDEDED,#EDEDED,#EDEDED,#EDEDED,#EDEDED,#EDEDED,#E6B483,#D19066,#E6B483,#E6B483,#B88558,#B88558,#D19066,#FEC2A6,#D19066,#D19066,#B88558,#B88558,#B88558,#B88558,#B88558,#E6B483,#B88558,#E6B483,#E6B483,#E6B483,#FCDDD2,#EDEDED,#EDEDED,#FFFFFF,#EDEDED
#EDEDED,#EDEDED,#EDEDED,#EDEDED,#EDEDED,#EDEDED,#EDEDED,#EDEDED,#EDEDED,#EDEDED,#000000,#000000,#000000,#000000,#000000,#000000,#FEC2A6,#FEC2A6,#FEC2A6,#EDEDED,#EDEDED,#EDEDED,#EDEDED,#FFFFFF,#FFFFFF,#EDEDED,#FFFFFF,#FFFFFF,#8A4526,#8A4526,#8A4526,#8A4526,#EDEDED,#FFFFFF,#FFFFFF,#FFFFFF,#FFFFFF,#FFFFFF,#FFFFFF,#FFFFFF,#FFFFFF,#FFFFFF,#FFFFFF,#FFFFFF,#FFFFFF,#FFFFFF,#FFFFFF,#FFFFFF,#FFFFFF,#FFFFFF,#FFFFFF,#8A4526,#8A4526,#B88558,#AD6F3C,#EDEDED,#EDEDED,#EDEDED,#EDEDED,#EDEDED,#FCDDD2,#8A4526,#8A4526,#8A4526,#8A4526,#EDEDED,#8D614C,#8D614C,#8D614C,#EDEDED,#EDEDED,#EDEDED,#EDEDED,#E3D2BC,#E6B483,#D19066,#FF995B,#E6B483,#E6B483,#D19066,#B88558,#B88558,#D19066,#D19066,#B88558,#D19066,#B88558,#B88558,#B88558,#B88558,#B88558,#B88558,#E6B483,#D19066,#E6B483,#FCDDD2,#EDEDED,#EDEDED,#EDEDED,#EDEDED
#EDEDED,#EDEDED,#EDEDED,#EDEDED,#EDEDED,#EDEDED,#EDEDED,#EDEDED,#EDEDED,#000000,#000000,#000000,#000000,#000000,#000000,#000000,#000000,#8D614C,#8A4526,#8A4526,#8A4526,#8A4526,#8A4526,#8A4526,#EDEDED,#EDEDED,#EDEDED,#EDEDED,#8A4526,#8A4526,#8A4526,#8A4526,#EDEDED,#FFFFFF,#FFFFFF,#FFFFFF,#FFFFFF,#FFFFFF,#FFFFFF,#FFFFFF,#FFFFFF,#FFFFFF,#FFFFFF,#FFFFFF,#FFFFFF,#FFFFFF,#FFFFFF,#FFFFFF,#FFFFFF,#FFFFFF,#FFFFFF,#8D614C,#B88558,#8D614C,#8D614C,#8D614C,#FCDDD2,#FCDDD2,#EDEDED,#EDEDED,#EDEDED,#EDEDED,#EDEDED,#FFFFFF,#FFFFFF,#FFFFFF,#FFFFFF,#FFFFFF,#FEC2A6,#EDEDED,#EDEDED,#EDEDED,#D19066,#D19066,#D19066,#D19066,#D19066,#E6B483,#E6B483,#8D614C,#B38281,#FEC2A6,#D19066,#D19066,#B88558,#B88558,#B88558,#B88558,#B88558,#D19066,#D19066,#B88558,#B88558,#FEC2A6,#D19066,#E6B483,#EDEDED,#EDEDED,#EDEDED,#EDEDED
#EDEDED,#EDEDED,#EDEDED,#EDEDED,#EDEDED,#EDEDED,#EDEDED,#EDEDED,#EDEDED,#000000,#000000,#000000,#000000,#000000,#000000,#000000,#000000,#B88558,#AD6F3C,#8A4526,#8A4526,#8A4526,#8A4526,#EDEDED,#EDEDED,#EDEDED,#EDEDED,#EDEDED,#8A4526,#8A4526,#8A4526,#8A4526,#8A4526,#FFFFFF,#FFFFFF,#FFFFFF,#FFFFFF,#FFFFFF,#FFFFFF,#FFFFFF,#FFFFFF,#FFFFFF,#FEC2A6,#EDEDED,#FFFFFF,#FFFFFF,#FFFFFF,#FFFFFF,#FFFFFF,#FFFFFF,#FFFFFF,#E4A89F,#B88558,#8D614C,#E6B483,#8D614C,#FCDDD2,#FCDDD2,#FCDDD2,#FCDDD2,#EDEDED,#EDEDED,#EDEDED,#FFFFFF,#FFFFFF,#FFFFFF,#FFFFFF,#FFFFFF,#FEC2A6,#FEC2A6,#EDEDED,#EDEDED,#D19066,#D19066,#D19066,#D19066,#D19066,#E6B483,#E6B483,#E6B483,#8D614C,#8D614C,#D19066,#B88558,#B88558,#B88558,#B88558,#B88558,#D19066,#D19066,#B88558,#B88558,#B88558,#D19066,#D19066,#D19066,#EDEDED,#EDEDED,#D9D9D9,#EDEDED
#EDEDED,#EDEDED,#EDEDED,#EDEDED,#EDEDED,#EDEDED,#EDEDED,#000000,#000000,#000000,#000000,#000000,#000000,#000000,#000000,#000000,#E6B483,#E6B483,#E6B483,#FFFFFF,#E4A89F,#EDEDED,#E4A89F,#EDEDED,#FCDDD2,#EDEDED,#FCDDD2,#FCDDD2,#AD6F3C,#8D614C,#AD6F3C,#AD6F3C,#EDEDED,#FFFFFF,#FFFFFF,#FFFFFF,#FFFFFF,#EDEDED,#EDEDED,#EDEDED,#B0A782,#FFC365,#E6B483,#E6B483,#FFFFFF,#EDEDED,#FFFFFF,#FFFFFF,#FFFFFF,#FFFFFF,#FFFFFF,#EDEDED,#EDEDED,#FCDDD2,#E6B483,#FCDDD2,#FCDDD2,#FCDDD2,#FCDDD2,#FCDDD2,#E3D2BC,#A56268,#8A4526,#8A4526,#B88558,#B38281,#B88558,#8D614C,#EDEDED,#EDEDED,#EDEDED,#EDEDED,#D19066,#FF995B,#E6B483,#E6B483,#E6B483,#D19066,#B88558,#D19066,#D19066,#D19066,#B88558,#B88558,#B88558,#B88558,#D19066,#D19066,#D19066,#D19066,#D19066,#D19066,#D19066,#EDEDED,#EDEDED,#FCDDD2,#EDEDED,#EDEDED,#EDEDED,#EDEDED
#EDEDED,#EDEDED,#EDEDED,#EDEDED,#EDEDED,#EDEDED,#EDEDED,#000000,#000000,#000000,#000000,#000000,#000000,#000000,#000000,#000000,#000000,#FEC2A6,#FFFFFF,#FFFFFF,#FFFFFF,#EDEDED,#EDEDED,#EDEDED,#FCDDD2,#FCDDD2,#FCDDD2,#FCDDD2,#8D614C,#8D614C,#AD6F3C,#AD6F3C,#FFFFFF,#FFFFFF,#FFFFFF,#FFFFFF,#FFFFFF,#FFFFFF,#FFFFFF,#FFFFFF,#FFC830,#FFC830,#FFC830,#FFC830,#FFFFFF,#FFFFFF,#FFFFFF,#FFFFFF,#FFFFFF,#FFFFFF,#FFFFFF,#EDEDED,#EDEDED,#EDEDED,#FCDDD2,#FCDDD2,#FCDDD2,#FEC2A6,#FCDDD2,#FCDDD2,#FCDDD2,#8A4526,#8A4526,#8A4526,#8A4526,#8A4526,#AD6F3C,#EDEDED,#EDEDED,#EDEDED,#EDEDED,#EDEDED,#FF995B,#FF995B,#1D1414,#E6B483,#FEC2A6,#B88558,#B88558,#D19066,#EDB045,#B88558,#B88558,#B88558,#B88558,#B88558,#D19066,#D19066,#D19066,#FF995B,#FF995B,#D19066,#D19066,#EDEDED,#EDEDED,#E3D2BC,#EDEDED,#EDEDED,#EDEDED,#EDEDED
#EDEDED,#EDEDED,#EDEDED,#EDEDED,#000000,#000000,#000000,#000000,#000000,#000000,#000000,#000000,#000000,#000000,#000000,#000000,#FEC2A6,#FEC2A6,#D19066,#8A4526,#EDEDED,#8A4526,#EDEDED,#FCDDD2,#FCDDD2,#FCDDD2,#FCDDD2,#FEC2A6,#E6B483,#EDEDED,#EDEDED,#EDEDED,#EDEDED,#FFFFFF,#FFFFFF,#FFFFFF,#FFFFFF,#FFFFFF,#FFFFFF,#FFFFFF,#FFC830,#EDEDED,#FFC830,#EDEDED,#FFFFFF,#FFFFFF,#FFFFFF,#FFFFFF,#FFFFFF,#FFFFFF,#FFFFFF,#EDEDED,#EDEDED,#EDEDED,#FCDDD2,#FCDDD2,#FCDDD2,#FCDDD2,#FCDDD2,#FCDDD2,#FCDDD2,#8A4526,#8A4526,#8A4526,#8A4526,#FEC2A6,#FEC2A6,#FEC2A6,#EDEDED,#EDEDED,#EDEDED,#EDEDED,#E6B483,#FF995B,#B88558,#B88558,#B88558,#B88558,#B88558,#D19066,#B88558,#B88558,#B88558,#B88558,#B88558,#B88558,#D19066,#D19066,#D19066,#FF995B,#EDEDED,#D19066,#D19066,#EDEDED,#EDEDED,#EDEDED,#EDEDED,#EDEDED,#EDEDED,#EDEDED
#EDEDED,#EDEDED,#EDEDED,#EDEDED,#000000,#000000,#000000,#000000,#000000,#000000,#000000,#000000,#000000,#000000,#000000,#000000,#2F2B2F,#8D614C,#B88558,#8A4526,#8A4526,#8A4526,#8A4526,#FCDDD2,#FCDDD2,#FCDDD2,#FEC2A6,#FEC2A6,#FCDDD2,#EDEDED,#EDEDED,#EDEDED,#FFFFFF,#FFFFFF,#FFFFFF,#FFFFFF,#FFFFFF,#FFFFFF,#FFFFFF,#FFFFFF,#FFFFFF,#FFFFFF,#FFFFFF,#FFFFFF,#FFFFFF,#FFFFFF,#FFFFFF,#FFFFFF,#FFFFFF,#FFFFFF,#FFFFFF,#EDEDED,#EDEDED,#EDEDED,#FCDDD2,#EDEDED,#FCDDD2,#EDEDED,#FCDDD2,#FCDDD2,#EDEDED,#EDEDED,#EDEDED,#FFFFFF,#FFFFFF,#FEC2A6,#FEC2A6,#E4A89F,#EDEDED,#EDEDED,#E6B483,#D19066,#E6B483,#5A2121,#B88558,#B88558,#B88558,#D19066,#D19066,#B88558,#B88558,#B88558,#B88558,#B88558,#B88558,#B88558,#D19066,#FEC2A6,#EDEDED,#EDEDED,#EDEDED,#EDEDED,#EDEDED,#EDEDED,#EDEDED,#EDEDED,#EDEDED,#EDEDED,#FFFFFF,#EDEDED
#EDEDED,#EDEDED,#EDEDED,#EDEDED,#EDEDED,#000000,#000000,#000000,#000000,#000000,#000000,#000000,#000000,#000000,#000000,#000000,#000000,#000000,#000000,#8A4526,#8A4526,#8A4526,#8A4526,#FCDDD2,#FCDDD2,#FCDDD2,#FCDDD2,#FCDDD2,#FCDDD2,#EDEDED,#EDEDED,#EDEDED,#FFFFFF,#FFFFFF,#FFFFFF,#FFFFFF,#FFFFFF,#FFFFFF,#FFFFFF,#FFFFFF,#EDEDED,#FFFFFF,#FFFFFF,#FFFFFF,#FFFFFF,#FFFFFF,#FFFFFF,#FFFFFF,#FFFFFF,#FFFFFF,#FFFFFF,#EDEDED,#EDEDED,#EDEDED,#FCDDD2,#EDEDED,#EDEDED,#E3D2BC,#E3D2BC,#FCDDD2,#EDEDED,#EDEDED,#EDEDED,#E3D2BC,#FFFFFF,#FEC2A6,#EDEDED,#E3D2BC,#EDEDED,#EDEDED,#D19066,#D19066,#E6B483,#E6B483,#B88558,#B88558,#D19066,#D19066,#FF995B,#B88558,#B88558,#B88558,#B88558,#B88558,#B88558,#B88558,#D19066,#D19066,#EDEDED,#EDEDED,#EDEDED,#EDEDED,#EDEDED,#EDEDED,#EDEDED,#EDEDED,#EDEDED,#EDEDED,#EDEDED,#EDEDED
#EDEDED,#EDEDED,#EDEDED,#EDEDED,#EDEDED,#000000,#000000,#000000,#000000,#000000,#000000,#000000,#000000,#000000,#000000,#000000,#000000,#000000,#000000,#FEC2A6,#FEC2A6,#EDEDED,#EDEDED,#EDEDED,#FCDDD2,#FCDDD2,#FCDDD2,#FCDDD2,#FCDDD2,#EDEDED,#EDEDED,#EDEDED,#FFFFFF,#FFFFFF,#FFFFFF,#FFFFFF,#FFFFFF,#FFFFFF,#FFFFFF,#FFFFFF,#FFFFFF,#FFFFFF,#FFFFFF,#FFFFFF,#FFFFFF,#FFFFFF,#FFFFFF,#FFFFFF,#FFFFFF,#FFFFFF,#FFFFFF,#EDEDED,#EDEDED,#EDEDED,#EDEDED,#EDEDED,#EDEDED,#EDEDED,#EDEDED,#EDEDED,#EDEDED,#8A4526,#8A4526,#FEC2A6,#FEC2A6,#FEC2A6,#EDEDED,#EDEDED,#EDEDED,#EDEDED,#EE8C3E,#D19066,#D19066,#D19066,#D19066,#FF995B,#FEC2A6,#B88558,#B88558,#B88558,#B88558,#B88558,#B88558,#B88558,#FEC2A6,#D19066,#EDEDED,#EDEDED,#EDEDED,#EDEDED,#EDEDED,#EDEDED,#EDEDED,#EDEDED,#EDEDED,#EDEDED,#EDEDED,#EDEDED,#EDEDED,#EDEDED
#EDEDED,#EDEDED,#EDEDED,#EDEDED,#EDEDED,#000000,#000000,#000000,#000000,#000000,#000000,#000000,#000000,#000000,#000000,#000000,#000000,#000000,#000000,#FEC2A6,#FEC2A6,#EDEDED,#EDEDED,#FCDDD2,#FCDDD2,#FCDDD2,#FCDDD2,#FCDDD2,#FCDDD2,#FCDDD2,#EDEDED,#EDEDED,#EDEDED,#FFFFFF,#FFFFFF,#FFFFFF,#FFFFFF,#FFFFFF,#FFFFFF,#FFFFFF,#FFFFFF,#FFFFFF,#FFFFFF,#FFFFFF,#FFFFFF,#FFFFFF,#FFFFFF,#FFFFFF,#FFFFFF,#FFFFFF,#FFFFFF,#EDEDED,#EDEDED,#EDEDED,#EDEDED,#EDEDED,#EDEDED,#EDEDED,#EDEDED,#EDEDED,#EDEDED,#8A4526,#8A4526,#FEC2A6,#FEC2A6,#EDEDED,#EDEDED,#EDEDED,#EDEDED,#EDEDED,#D19066,#D19066,#D19066,#D19066,#D19066,#D19066,#B88558,#B88558,#B88558,#B88558,#B88558,#B88558,#B88558,#B88558,#D19066,#D19066,#EDEDED,#EDEDED,#EDEDED,#EDEDED,#EDEDED,#EDEDED,#EDEDED,#EDEDED,#EDEDED,#EDEDED,#EDEDED,#EDEDED,#B0A9AC,#EDEDED
#EDEDED,#EDEDED,#EDEDED,#EDEDED,#EDEDED,#000000,#000000,#000000,#000000,#000000,#000000,#000000,#000000,#000000,#000000,#000000,#000000,#000000,#000000,#5A2121,#000000,#FEC2A6,#FEC2A6,#8A4526,#8D614C,#8D614C,#EDEDED,#EDEDED,#EDEDED,#EDEDED,#EDEDED,#EDEDED,#EDEDED,#FFFFFF,#FFFFFF,#FFFFFF,#FFFFFF,#FFFFFF,#FFFFFF,#FFFFFF,#FFFFFF,#FFFFFF,#FFFFFF,#FFFFFF,#FFFFFF,#FFFFFF,#FFFFFF,#FFFFFF,#EDEDED,#EDEDED,#EDEDED,#FFFFFF,#EDEDED,#FFFFFF,#FFFFFF,#FFFFFF,#FFFFFF,#FFFFFF,#EDEDED,#EDEDED,#FFFFFF,#E6B483,#FEC2A6,#8A4526,#AD6F3C,#EDEDED,#EDEDED,#EDEDED,#B0A782,#B88558,#FF995B,#FF995B,#AD6F3C,#AD6F3C,#AD6F3C,#D19066,#B88558,#B88558,#B88558,#EDB045,#FF995B,#FF995B,#D19066,#EDEDED,#EDEDED,#EDEDED,#EDEDED,#EDEDED,#EDEDED,#EDEDED,#EDEDED,#EDEDED,#EDEDED,#EDEDED,#EDEDED,#EDEDED,#EDEDED,#EDEDED,#EDEDED,#EDEDED
#EDEDED,#EDEDED,#EDEDED,#EDEDED,#EDEDED,#000000,#000000,#000000,#000000,#000000,#000000,#000000,#000000,#000000,#000000,#000000,#000000,#000000,#000000,#000000,#000000,#FEC2A6,#FEC2A6,#8A4526,#8A4526,#8A4526,#EDEDED,#EDEDED,#EDEDED,#FCDDD2,#EDEDED,#EDEDED,#EDEDED,#FFFFFF,#FFFFFF,#FFFFFF,#FFFFFF,#FFFFFF,#FFFFFF,#FFFFFF,#FFFFFF,#FFFFFF,#FFFFFF,#FFFFFF,#FFFFFF,#FFFFFF,#FFFFFF,#FFFFFF,#FFFFFF,#FFFFFF,#FFFFFF,#FFFFFF,#FFFFFF,#FFFFFF,#FFFFFF,#FFFFFF,#FFFFFF,#FFFFFF,#FFFFFF,#FFFFFF,#E3D2BC,#FEC2A6,#FEC2A6,#8A4526,#8A4526,#EDEDED,#EDEDED,#EDEDED,#B88558,#B88558,#D19066,#FEC2A6,#AD6F3C,#AD6F3C,#AD6F3C,#FF995B,#D19066,#B88558,#B88558,#E6B483,#FEC2A6,#D19066,#EE8C3E,#EDEDED,#EDEDED,#EDEDED,#EDEDED,#EDEDED,#EDEDED,#EDEDED,#EDEDED,#EDEDED,#EDEDED,#EDEDED,#EDEDED,#EDEDED,#EDEDED,#EDEDED,#EDEDED,#EDEDED
#EDEDED,#EDEDED,#EDEDED,#EDEDED,#D9D9D9,#000000,#000000,#000000,#000000,#EDEDED,#EDEDED,#000000,#EDEDED,#000000,#000000,#000000,#EDEDED,#EDEDED,#000000,#EDEDED,#EDEDED,#FEC2A6,#FEC2A6,#FEC2A6,#FEC2A6,#FEC2A6,#EDEDED,#FFFFFF,#FFFFFF,#FFFFFF,#EDEDED,#FFFFFF,#FFFFFF,#FFFFFF,#FFFFFF,#FFFFFF,#FFFFFF,#FFFFFF,#FFFFFF,#FFFFFF,#FFFFFF,#FFFFFF,#FFFFFF,#FFFFFF,#FFFFFF,#EDEDED,#FFFFFF,#FFFFFF,#FFFFFF,#FFFFFF,#FFFFFF,#FFFFFF,#FFFFFF,#EDEDED,#FFFFFF,#FFFFFF,#FEC2A6,#EDEDED,#FEC2A6,#FEC2A6,#FEC2A6,#FEC2A6,#FEC2A6,#FEC2A6,#FEC2A6,#FEC2A6,#FEC2A6,#FEC2A6,#B88558,#8A4526,#D19066,#B88558,#AD6F3C,#AD6F3C,#D19066,#B88558,#B88558,#B88558,#B88558,#EDEDED,#EDEDED,#EDEDED,#EDEDED,#EDEDED,#EDEDED,#EDEDED,#EDEDED,#EDEDED,#EDEDED,#EDEDED,#EDEDED,#EDEDED,#EDEDED,#EDEDED,#EDEDED,#EDEDED,#EDEDED,#EDEDED,#EDEDED,#EDEDED
#EDEDED,#EDEDED,#B0A9AC,#EDEDED,#B0A9AC,#EDEDED,#EDEDED,#EDEDED,#EDEDED,#EDEDED,#EDEDED,#EDEDED,#EDEDED,#EDEDED,#EDEDED,#EDEDED,#EDEDED,#EDEDED,#EDEDED,#EDEDED,#EDEDED,#8A4526,#8A4526,#FEC2A6,#FEC2A6,#FEC2A6,#FFFFFF,#FFFFFF,#FFFFFF,#FFFFFF,#FFFFFF,#FFFFFF,#FFFFFF,#FFFFFF,#FFFFFF,#FFFFFF,#FFFFFF,#FFFFFF,#FFFFFF,#FFFFFF,#FFFFFF,#FFFFFF,#FFFFFF,#FFFFFF,#FFFFFF,#FFFFFF,#EDEDED,#FFFFFF,#FFFFFF,#FFFFFF,#FFFFFF,#FFFFFF,#FFFFFF,#FFFFFF,#BCC6B8,#FEC2A6,#FEC2A6,#FEC2A6,#FEC2A6,#FEC2A6,#FEC2A6,#FEC2A6,#FEC2A6,#FEC2A6,#FEC2A6,#FEC2A6,#FEC2A6,#FEC2A6,#971937,#FEC2A6,#8D614C,#B88558,#E6B483,#D19066,#B88558,#B88558,#B88558,#FEC2A6,#D19066,#EDEDED,#EDEDED,#EDEDED,#EDEDED,#EDEDED,#EDEDED,#EDEDED,#EDEDED,#EDEDED,#EDEDED,#EDEDED,#EDEDED,#EDEDED,#EDEDED,#EDEDED,#EDEDED,#EDEDED,#EDEDED,#EDEDED,#FFFFFF,#EDEDED
#EDEDED,#EDEDED,#EDEDED,#EDEDED,#EDEDED,#EDEDED,#EDEDED,#EDEDED,#EDEDED,#EDEDED,#EDEDED,#EDEDED,#EDEDED,#EDEDED,#EDEDED,#EDEDED,#EDEDED,#EDEDED,#EDEDED,#EDEDED,#EDEDED,#8A4526,#8A4526,#FEC2A6,#FEC2A6,#EDEDED,#FFFFFF,#FFFFFF,#FFFFFF,#FFFFFF,#FFFFFF,#FFFFFF,#FFFFFF,#EDEDED,#EDEDED,#EDEDED,#EDEDED,#FFFFFF,#EE8C3E,#EDEDED,#EDEDED,#EDEDED,#EDEDED,#EDEDED,#EDEDED,#EDEDED,#FFFFFF,#EDEDED,#EDEDED,#FFFFFF,#FFFFFF,#FFFFFF,#FFFFFF,#FFFFFF,#EDEDED,#FFFFFF,#FEC2A6,#FEC2A6,#FEC2A6,#FEC2A6,#FEC2A6,#FEC2A6,#FEC2A6,#EDEDED,#FEC2A6,#B88558,#FEC2A6,#FEC2A6,#971937,#971937,#971937,#971937,#B88558,#D37C46,#B88558,#B88558,#B88558,#D19066,#EDEDED,#E3D2BC,#EDEDED,#EDEDED,#EDEDED,#EDEDED,#EDEDED,#EDEDED,#EDEDED,#EDEDED,#EDEDED,#EDEDED,#EDEDED,#EDEDED,#EDEDED,#EDEDED,#EDEDED,#EDEDED,#EDEDED,#EDEDED,#EDEDED,#EDEDED
#EDEDED,#FFFFFF,#EDEDED,#EDEDED,#EDEDED,#EDEDED,#EDEDED,#EDEDED,#EDEDED,#EDEDED,#EDEDED,#EDEDED,#EDEDED,#EDEDED,#EDEDED,#EDEDED,#EDEDED,#EDEDED,#EDEDED,#EDEDED,#EDEDED,#EDEDED,#EDEDED,#EDEDED,#EDEDED,#EDEDED,#FEC2A6,#E4A89F,#F35744,#F35744,#F35744,#F35744,#F35744,#F35744,#F35744,#FD8324,#EE8C3E,#EE8C3E,#FEA324,#EE8C3E,#EE8C3E,#EE8C3E,#FD8324,#EE8C3E,#EE8C3E,#FD8324,#EE8C3E,#EE8C3E,#EE8C3E,#EE8C3E,#AD6F3C,#FEC2A6,#EE8C3E,#EE8C3E,#EE8C3E,#EE8C3E,#F35744,#F35744,#FEC2A6,#FEC2A6,#EDEDED,#EDEDED,#FFFFFF,#FFFFFF,#FFFFFF,#EDEDED,#B88558,#D19066,#D19066,#971937,#971937,#971937,#D19066,#B88558,#B88558,#D19066,#FF995B,#EDEDED,#EDEDED,#EDEDED,#EDEDED,#EDEDED,#EDEDED,#EDEDED,#EDEDED,#EDEDED,#EDEDED,#EDEDED,#EDEDED,#EDEDED,#EDEDED,#EDEDED,#EDEDED,#EDEDED,#EDEDED,#EDEDED,#EDEDED,#D9D9D9,#EDEDED,#EDEDED
#EDEDED,#EDEDED,#EDEDED,#EDEDED,#EDEDED,#EDEDED,#EDEDED,#EDEDED,#EDEDED,#EDEDED,#EDEDED,#EDEDED,#EDEDED,#EDEDED,#EDEDED,#EDEDED,#EDEDED,#EDEDED,#EDEDED,#EDEDED,#EDEDED,#EDEDED,#EDEDED,#EDEDED,#EDEDED,#FEC2A6,#FEC2A6,#FEC2A6,#F35744,#F35744,#F35744,#F35744,#F35744,#F35744,#F35744,#EE8C3E,#EE8C3E,#FD8324,#EE8C3E,#FD8324,#EE8C3E,#EE8C3E,#EE8C3E,#AD6F3C,#EE8C3E,#EE8C3E,#EE8C3E,#EE8C3E,#EE8C3E,#EE8C3E,#EE8C3E,#EE8C3E,#EE8C3E,#EE8C3E,#EE8C3E,#F35744,#F35744,#F35744,#FEC2A6,#FEC2A6,#FEC2A6,#EDEDED,#EDEDED,#FFFFFF,#FFFFFF,#B88558,#B88558,#B88558,#D19066,#D19066,#971937,#971937,#B88558,#B88558,#D19066,#E6B483,#E6B483,#EDEDED,#EDEDED,#EDEDED,#EDEDED,#EDEDED,#EDEDED,#EDEDED,#EDEDED,#EDEDED,#EDEDED,#EDEDED,#EDEDED,#EDEDED,#EDEDED,#EDEDED,#EDEDED,#EDEDED,#EDEDED,#EDEDED,#EDEDED,#EDEDED,#EDEDED,#D9D9D9
#EDEDED,#EDEDED,#EDEDED,#EDEDED,#EDEDED,#EDEDED,#EDEDED,#EDEDED,#EDEDED,#EDEDED,#EDEDED,#EDEDED,#EDEDED,#EDEDED,#EDEDED,#EDEDED,#EDEDED,#EDEDED,#EDEDED,#EDEDED,#EDEDED,#EDEDED,#EDEDED,#FEC2A6,#FEC2A6,#FEC2A6,#EDEDED,#EDEDED,#EDEDED,#EDEDED,#FEC2A6,#FEC2A6,#FEC2A6,#F35744,#F35744,#EE8C3E,#EE8C3E,#F35744,#EE8C3E,#F35744,#F35744,#F35744,#D37C46,#F35744,#F35744,#F35744,#F35744,#F35744,#EE8C3E,#F35744,#EE8C3E,#F35744,#EE8C3E,#EE8C3E,#F35744,#F35744,#F35744,#F35744,#E4A89F,#FEC2A6,#EDEDED,#EDEDED,#EDEDED,#FFFFFF,#FFFFFF,#EDEDED,#971937,#8A4526,#B88558,#B88558,#B88558,#B88558,#971937,#971937,#EDEDED,#EDEDED,#EDEDED,#EDEDED,#EDEDED,#EDEDED,#EDEDED,#EDEDED,#EDEDED,#EDEDED,#EDEDED,#EDEDED,#EDEDED,#EDEDED,#EDEDED,#EDEDED,#EDEDED,#EDEDED,#EDEDED,#EDEDED,#EDEDED,#EDEDED,#EDEDED,#EDEDED,#EDEDED,#EDEDED
#EDEDED,#EDEDED,#EDEDED,#EDEDED,#EDEDED,#EDEDED,#EDEDED,#EDEDED,#EDEDED,#EDEDED,#EDEDED,#EDEDED,#EDEDED,#EDEDED,#EDEDED,#EDEDED,#EDEDED,#EDEDED,#EDEDED,#EDEDED,#EDEDED,#EDEDED,#EDEDED,#FEC2A6,#FEC2A6,#FEC2A6,#EDEDED,#EDEDED,#EDEDED,#EDEDED,#FEC2A6,#FEC2A6,#FEC2A6,#F35744,#F35744,#F35744,#F35744,#F35744,#C1444A,#FD957B,#C1444A,#E6B483,#F35744,#F35744,#F35744,#F35744,#FD957B,#F35744,#F35744,#F35744,#F35744,#F35744,#F35744,#F35744,#F35744,#F35744,#F35744,#F35744,#FEC2A6,#FEC2A6,#48464E,#EDEDED,#FFFFFF,#FFFFFF,#FFFFFF,#B785A1,#971937,#971937,#B88558,#B88558,#B88558,#B88558,#971937,#971937,#EDEDED,#EDEDED,#EDEDED,#EDEDED,#EDEDED,#EDEDED,#EDEDED,#EDEDED,#EDEDED,#EDEDED,#EDEDED,#EDEDED,#EDEDED,#EDEDED,#EDEDED,#EDEDED,#EDEDED,#EDEDED,#EDEDED,#EDEDED,#EDEDED,#EDEDED,#EDEDED,#EDEDED,#EDEDED,#EDEDED
#EDEDED,#EDEDED,#EDEDED,#EDEDED,#EDEDED,#EDEDED,#EDEDED,#EDEDED,#EDEDED,#EDEDED,#EDEDED,#EDEDED,#EDEDED,#EDEDED,#EDEDED,#EDEDED,#EDEDED,#EDEDED,#EDEDED,#EDEDED,#EDEDED,#FEC2A6,#FEC2A6,#FEC2A6,#FEC2A6,#FEC2A6,#FFFFFF,#FFFFFF,#EDEDED,#EDEDED,#FEC2A6,#FEC2A6,#FEC2A6,#F35744,#F35744,#F35744,#F35744,#EE8C3E,#FD8324,#C1444A,#F35744,#F35744,#EE8C3E,#F35744,#F35744,#F35744,#EE8C3E,#F35744,#EE8C3E,#F35744,#F35744,#EE8C3E,#F35744,#F35744,#F35744,#F35744,#F35744,#F35744,#FEC2A6,#FEC2A6,#F35744,#EDEDED,#FEC2A6,#FFFFFF,#FFFFFF,#971937,#971937,#971937,#B88558,#FEC2A6,#FEC2A6,#FEC2A6,#971937,#971937,#971937,#EDEDED,#EDEDED,#EDEDED,#EDEDED,#EDEDED,#EDEDED,#EDEDED,#EDEDED,#EDEDED,#EDEDED,#EDEDED,#EDEDED,#EDEDED,#EDEDED,#EDEDED,#EDEDED,#EDEDED,#EDEDED,#EDEDED,#EDEDED,#EDEDED,#EDEDED,#EDEDED,#EDEDED,#EDEDED
#EDEDED,#EDEDED,#EDEDED,#EDEDED,#EDEDED,#EDEDED,#EDEDED,#EDEDED,#EDEDED,#EDEDED,#EDEDED,#EDEDED,#EDEDED,#EDEDED,#EDEDED,#EDEDED,#EDEDED,#EDEDED,#EDEDED,#EDEDED,#EDEDED,#FEC2A6,#FEC2A6,#FEC2A6,#FFFFFF,#FFFFFF,#FFFFFF,#FFFFFF,#EDEDED,#EDEDED,#FEC2A6,#FEC2A6,#FEC2A6,#F35744,#F35744,#FEA324,#E6B483,#EE8C3E,#EE8C3E,#EE8C3E,#EDB045,#FFD67D,#EE8C3E,#FEC2A6,#EE8C3E,#E6B483,#EE8C3E,#FF995B,#EE8C3E,#D19066,#FFD67D,#EE8C3E,#EE8C3E,#EE8C3E,#F35744,#F35744,#F35744,#F35744,#F35744,#F35744,#F35744,#FEC2A6,#FEC2A6,#FEC2A6,#FEC2A6,#971937,#971937,#8A4526,#B88558,#AD6F3C,#FEC2A6,#FEC2A6,#EDEDED,#EDEDED,#EDEDED,#EDEDED,#EDEDED,#EDEDED,#EDEDED,#EDEDED,#EDEDED,#EDEDED,#EDEDED,#EDEDED,#EDEDED,#EDEDED,#EDEDED,#EDEDED,#EDEDED,#EDEDED,#EDEDED,#EDEDED,#EDEDED,#EDEDED,#EDEDED,#EDEDED,#EDEDED,#EDEDED,#FFFFFF,#EDEDED
#EDEDED,#EDEDED,#EDEDED,#EDEDED,#EDEDED,#EDEDED,#EDEDED,#EDEDED,#EDEDED,#EDEDED,#EDEDED,#EDEDED,#EDEDED,#EDEDED,#EDEDED,#EDEDED,#EDEDED,#EDEDED,#EDEDED,#EDEDED,#EDEDED,#FEC2A6,#FEC2A6,#FEC2A6,#FFFFFF,#FFFFFF,#FFFFFF,#FFFFFF,#EDEDED,#EDEDED,#FEC2A6,#FEC2A6,#FEC2A6,#F35744,#F35744,#EE8C3E,#EE8C3E,#EE8C3E,#EE8C3E,#EE8C3E,#EE8C3E,#EE8C3E,#EE8C3E,#EE8C3E,#EE8C3E,#EE8C3E,#EE8C3E,#EE8C3E,#EE8C3E,#EE8C3E,#EE8C3E,#EE8C3E,#EE8C3E,#EE8C3E,#EE8C3E,#F35744,#F35744,#F35744,#F35744,#F35744,#F35744,#FEC2A6,#FEC2A6,#FEC2A6,#FEC2A6,#971937,#971937,#971937,#B88558,#AD6F3C,#FEC2A6,#FEC2A6,#EDEDED,#EDEDED,#EDEDED,#EDEDED,#EDEDED,#EDEDED,#EDEDED,#EDEDED,#EDEDED,#EDEDED,#EDEDED,#EDEDED,#EDEDED,#EDEDED,#EDEDED,#EDEDED,#EDEDED,#EDEDED,#EDEDED,#EDEDED,#EDEDED,#EDEDED,#EDEDED,#EDEDED,#EDEDED,#EDEDED,#EDEDED,#EDEDED
#EDEDED,#FFFFFF,#EDEDED,#EDEDED,#EDEDED,#EDEDED,#EDEDED,#EDEDED,#EDEDED,#EDEDED,#EDEDED,#EDEDED,#EDEDED,#EDEDED,#EDEDED,#EDEDED,#EDEDED,#EDEDED,#EDEDED,#FEC2A6,#FEC2A6,#FFFFFF,#FFFFFF,#FFFFFF,#FFFFFF,#FFFFFF,#FFFFFF,#FFFFFF,#FEC2A6,#FEC2A6,#F35744,#F35744,#F35744,#EE8C3E,#EE8C3E,#EE8C3E,#EE8C3E,#EE8C3E,#EE8C3E,#EE8C3E,#EE8C3E,#EE8C3E,#EE8C3E,#EE8C3E,#EE8C3E,#FEA324,#EE8C3E,#FEA324,#EE8C3E,#EE8C3E,#FD8324,#FD8324,#EE8C3E,#EE8C3E,#EE8C3E,#F35744,#F35744,#F35744,#F35744,#F35744,#F35744,#F35744,#F35744,#971937,#971937,#FEC2A6,#FEC2A6,#FEC2A6,#FEC2A6,#FEC2A6,#FEC2A6,#FEC2A6,#EDEDED,#EDEDED,#EDEDED,#EDEDED,#EDEDED,#EDEDED,#EDEDED,#EDEDED,#EDEDED,#EDEDED,#EDEDED,#EDEDED,#EDEDED,#EDEDED,#EDEDED,#EDEDED,#EDEDED,#EDEDED,#EDEDED,#EDEDED,#EDEDED,#EDEDED,#EDEDED,#EDEDED,#EDEDED,#EDEDED,#EDEDED,#EDEDED
#B0A9AC,#B0A9AC,#EDEDED,#EDEDED,#EDEDED,#EDEDED,#EDEDED,#EDEDED,#EDEDED,#EDEDED,#EDEDED,#EDEDED,#EDEDED,#EDEDED,#EDEDED,#EDEDED,#EDEDED,#EDEDED,#EDEDED,#FEC2A6,#FEC2A6,#FFFFFF,#FFFFFF,#FFFFFF,#FFFFFF,#FFFFFF,#FFFFFF,#FFFFFF,#FEC2A6,#FEC2A6,#F35744,#F35744,#EE8C3E,#FF995B,#EE8C3E,#EE8C3E,#FEA324,#FD8324,#FEA324,#EE8C3E,#EE8C3E,#FEA324,#EE8C3E,#FD8324,#EE8C3E,#FD8324,#EE8C3E,#EE8C3E,#EE8C3E,#EE8C3E,#EE8C3E,#EE8C3E,#EE8C3E,#EE8C3E,#EE8C3E,#EE8C3E,#F35744,#F35744,#F35744,#F35744,#F35744,#F35744,#F35744,#971937,#C1444A,#B88558,#FEC2A6,#FEC2A6,#FEC2A6,#FEC2A6,#FEC2A6,#FEC2A6,#EDEDED,#EDEDED,#EDEDED,#EDEDED,#EDEDED,#EDEDED,#EDEDED,#EDEDED,#EDEDED,#EDEDED,#EDEDED,#EDEDED,#EDEDED,#EDEDED,#EDEDED,#EDEDED,#EDEDED,#EDEDED,#EDEDED,#EDEDED,#EDEDED,#EDEDED,#EDEDED,#EDEDED,#EDEDED,#EDEDED,#EDEDED,#EDEDED
#EDEDED,#EDEDED,#EDEDED,#EDEDED,#EDEDED,#EDEDED,#EDEDED,#EDEDED,#EDEDED,#D9D9D9,#EDEDED,#EDEDED,#EDEDED,#EDEDED,#EDEDED,#EDEDED,#EDEDED,#EDEDED,#FEC2A6,#FEC2A6,#FEC2A6,#FEC2A6,#FEC2A6,#FEC2A6,#FEC2A6,#FEC2A6,#FEC2A6,#FEC2A6,#FD957B,#F35744,#EE8C3E,#EE8C3E,#EE8C3E,#FD8324,#FEA324,#FEA324,#EE8C3E,#EE8C3E,#FD8324,#EE8C3E,#8A4526,#EE8C3E,#EE8C3E,#FEA324,#EE8C3E,#FD8324,#EE8C3E,#EE8C3E,#EE8C3E,#EE8C3E,#FD8324,#EE8C3E,#EE8C3E,#FD8324,#D37C46,#8A4526,#EE8C3E,#EE8C3E,#EE8C3E,#EE8C3E,#F35744,#F35744,#F35744,#F35744,#C1444A,#EE8C3E,#EE8C3E,#EE8C3E,#FF995B,#F35744,#EE8C3E,#EE8C3E,#EDEDED,#EDEDED,#EDEDED,#EDEDED,#EDEDED,#EDEDED,#EDEDED,#EDEDED,#EDEDED,#EDEDED,#EDEDED,#EDEDED,#EDEDED,#EDEDED,#EDEDED,#EDEDED,#EDEDED,#EDEDED,#EDEDED,#EDEDED,#EDEDED,#EDEDED,#EDEDED,#EDEDED,#EDEDED,#EDEDED,#EDEDED,#EDEDED
#EDEDED,#EDEDED,#EDEDED,#EDEDED,#EDEDED,#EDEDED,#EDEDED,#EDEDED,#EDEDED,#EDEDED,#EDEDED,#EDEDED,#EDEDED,#EDEDED,#EDEDED,#EDEDED,#EDEDED,#EDEDED,#EDEDED,#FEC2A6,#FEC2A6,#FEC2A6,#FEC2A6,#FEC2A6,#FEC2A6,#FEC2A6,#FEC2A6,#FEC2A6,#F35744,#FD957B,#EE8C3E,#FD8324,#EE8C3E,#EE8C3E,#FEA324,#FD8324,#EE8C3E,#EE8C3E,#EE8C3E,#8A4526,#8A4526,#8A4526,#EE8C3E,#EE8C3E,#EE8C3E,#FD8324,#EE8C3E,#EE8C3E,#EE8C3E,#EE8C3E,#EE8C3E,#EE8C3E,#EE8C3E,#FD8324,#8A4526,#EE8C3E,#FEA324,#EE8C3E,#EE8C3E,#D19066,#EE8C3E,#F35744,#F35744,#D19066,#F35744,#EE8C3E,#FF995B,#EE8C3E,#F35744,#F35744,#FD8324,#EE8C3E,#EDEDED,#EDEDED,#EDEDED,#EDEDED,#EDEDED,#EDEDED,#EDEDED,#EDEDED,#EDEDED,#EDEDED,#EDEDED,#EDEDED,#EDEDED,#EDEDED,#EDEDED,#EDEDED,#EDEDED,#EDEDED,#EDEDED,#EDEDED,#EDEDED,#EDEDED,#EDEDED,#EDEDED,#EDEDED,#EDEDED,#EDEDED,#EDEDED
#EDEDED,#EDEDED,#EDEDED,#EDEDED,#EDEDED,#EDEDED,#EDEDED,#EDEDED,#EDEDED,#EDEDED,#EDEDED,#EDEDED,#EDEDED,#EDEDED,#EDEDED,#EDEDED,#EDEDED,#EDEDED,#EDEDED,#FEC2A6,#F35744,#FEC2A6,#FEC2A6,#F35744,#FEC2A6,#C9675E,#E6B483,#FEC2A6,#EE8C3E,#EE8C3E,#EE8C3E,#FD8324,#FEA324,#FEA324,#EE8C3E,#FD8324,#EE8C3E,#EE8C3E,#EE8C3E,#5A2121,#5A2121,#5A2121,#5A2121,#5A2121,#FF995B,#EE8C3E,#EE8C3E,#FEA324,#EE8C3E,#EE8C3E,#EE8C3E,#5A2121,#5A2121,#5A2121,#5A2121,#5A2121,#EE8C3E,#EE8C3E,#EE8C3E,#EE8C3E,#EE8C3E,#F35744,#F35744,#F35744,#EE8C3E,#EE8C3E,#FEA324,#EE8C3E,#F35744,#EE8C3E,#EE8C3E,#EE8C3E,#EDEDED,#EDEDED,#EDEDED,#EDEDED,#EDEDED,#EDEDED,#EDEDED,#EDEDED,#EDEDED,#EDEDED,#EDEDED,#EDEDED,#EDEDED,#EDEDED,#EDEDED,#EDEDED,#EDEDED,#EDEDED,#EDEDED,#EDEDED,#EDEDED,#EDEDED,#EDEDED,#EDEDED,#EDEDED,#EDEDED,#EDEDED,#EDEDED
#FFFFFF,#EDEDED,#EDEDED,#EDEDED,#EDEDED,#EDEDED,#EDEDED,#EDEDED,#EDEDED,#EDEDED,#EDEDED,#EDEDED,#EDEDED,#EDEDED,#EDEDED,#EDEDED,#EDEDED,#EDEDED,#EDEDED,#F35744,#F35744,#F35744,#F35744,#F35744,#F35744,#F35744,#F35744,#F35744,#EE8C3E,#EE8C3E,#EE8C3E,#EE8C3E,#EE8C3E,#FF995B,#EE8C3E,#EE8C3E,#EE8C3E,#EE8C3E,#FEC2A6,#EE8C3E,#5A2121,#5A2121,#5A2121,#5A2121,#AD6F3C,#E6B483,#EE8C3E,#EDB045,#EE8C3E,#EE8C3E,#FEA324,#5A2121,#5A2121,#5A2121,#5A2121,#5A2121,#EE8C3E,#EE8C3E,#EE8C3E,#E6B483,#FEA324,#FFD67D,#EE8C3E,#FD8324,#EE8C3E,#EE8C3E,#EE8C3E,#EE8C3E,#EE8C3E,#EE8C3E,#EE8C3E,#EE8C3E,#EDEDED,#EDEDED,#EDEDED,#EDEDED,#EDEDED,#EDEDED,#EDEDED,#EDEDED,#EDEDED,#EDEDED,#EDEDED,#EDEDED,#EDEDED,#EDEDED,#EDEDED,#EDEDED,#EDEDED,#EDEDED,#EDEDED,#EDEDED,#EDEDED,#EDEDED,#EDEDED,#EDEDED,#EDEDED,#EDEDED,#FFFFFF,#EDEDED
#EDEDED,#EDEDED,#EDEDED,#EDEDED,#EDEDED,#EDEDED,#EDEDED,#EDEDED,#EDEDED,#EDEDED,#EDEDED,#EDEDED,#EDEDED,#EDEDED,#EDEDED,#EDEDED,#D9D9D9,#EDEDED,#F35744,#F35744,#F35744,#F35744,#F35744,#F35744,#F35744,#EE8C3E,#EE8C3E,#F35744,#EE8C3E,#EE8C3E,#EE8C3E,#EE8C3E,#EE8C3E,#EE8C3E,#EE8C3E,#EE8C3E,#AD6F3C,#EE8C3E,#EE8C3E,#EE8C3E,#FF995B,#B88558,#B88558,#EE8C3E,#EE8C3E,#EE8C3E,#EE8C3E,#EE8C3E,#EE8C3E,#EE8C3E,#EE8C3E,#8A4526,#5A2121,#5A2121,#FF995B,#5A2121,#EE8C3E,#EE8C3E,#EE8C3E,#EE8C3E,#EE8C3E,#EE8C3E,#EE8C3E,#EE8C3E,#EE8C3E,#EE8C3E,#EE8C3E,#FEA324,#EE8C3E,#EE8C3E,#EE8C3E,#EE8C3E,#EDEDED,#EDEDED,#EDEDED,#EDEDED,#EDEDED,#EDEDED,#EDEDED,#EDEDED,#EDEDED,#EDEDED,#EDEDED,#EDEDED,#EDEDED,#EDEDED,#EDEDED,#EDEDED,#EDEDED,#EDEDED,#EDEDED,#EDEDED,#EDEDED,#EDEDED,#EDEDED,#EDEDED,#EDEDED,#EDEDED,#EDEDED,#EDEDED
#EDEDED,#EDEDED,#EDEDED,#EDEDED,#EDEDED,#EDEDED,#EDEDED,#EDEDED,#EDEDED,#EDEDED,#EDEDED,#EDEDED,#EDEDED,#EDEDED,#EDEDED,#EDEDED,#EDEDED,#EDEDED,#EDEDED,#F35744,#F35744,#F35744,#F35744,#F35744,#EE8C3E,#EE8C3E,#EE8C3E,#FD8324,#EE8C3E,#FEA324,#F35744,#F35744,#EE8C3E,#EE8C3E,#FD8324,#8A4526,#8A4526,#8A4526,#FD8324,#EE8C3E,#FEA324,#FEA324,#FD8324,#EE8C3E,#EE8C3E,#FEA324,#EE8C3E,#EE8C3E,#EE8C3E,#EE8C3E,#EE8C3E,#EE8C3E,#FEA324,#FEA324,#EE8C3E,#FD8324,#EE8C3E,#FD8324,#8A4526,#8A4526,#D37C46,#FEA324,#FEA324,#EE8C3E,#F35744,#EE8C3E,#EE8C3E,#EE8C3E,#FD8324,#EE8C3E,#FD8324,#FD8324,#EDEDED,#EDEDED,#EDEDED,#EDEDED,#EDEDED,#EDEDED,#EDEDED,#EDEDED,#EDEDED,#EDEDED,#EDEDED,#EDEDED,#EDEDED,#EDEDED,#EDEDED,#EDEDED,#EDEDED,#EDEDED,#EDEDED,#EDEDED,#EDEDED,#EDEDED,#EDEDED,#EDEDED,#EDEDED,#EDEDED,#EDEDED,#EDEDED
#EDEDED,#EDEDED,#EDEDED,#EDEDED,#EDEDED,#EDEDED,#EDEDED,#EDEDED,#EDEDED,#EDEDED,#EDEDED,#EDEDED,#EDEDED,#EDEDED,#EDEDED,#EDEDED,#EDEDED,#EDEDED,#EDEDED,#F35744,#F35744,#F35744,#F35744,#EE8C3E,#EE8C3E,#EE8C3E,#EE8C3E,#EE8C3E,#EE8C3E,#EE8C3E,#EE8C3E,#F35744,#F35744,#EE8C3E,#EE8C3E,#8A4526,#8A4526,#EE8C3E,#EE8C3E,#EE8C3E,#EE8C3E,#EE8C3E,#EE8C3E,#EE8C3E,#EE8C3E,#EE8C3E,#FEA324,#EE8C3E,#EE8C3E,#EE8C3E,#EE8C3E,#EE8C3E,#EE8C3E,#EE8C3E,#EE8C3E,#EE8C3E,#EE8C3E,#EE8C3E,#8A4526,#8A4526,#8A4526,#EE8C3E,#EE8C3E,#F35744,#F35744,#EE8C3E,#EE8C3E,#EE8C3E,#EE8C3E,#EE8C3E,#EE8C3E,#FEA324,#EDEDED,#EDEDED,#EDEDED,#EDEDED,#EDEDED,#EDEDED,#EDEDED,#EDEDED,#EDEDED,#EDEDED,#EDEDED,#EDEDED,#EDEDED,#EDEDED,#EDEDED,#EDEDED,#EDEDED,#EDEDED,#EDEDED,#EDEDED,#EDEDED,#EDEDED,#EDEDED,#EDEDED,#EDEDED,#EDEDED,#B0A9AC,#EDEDED
#EDEDED,#EDEDED,#EDEDED,#EDEDED,#EDEDED,#EDEDED,#EDEDED,#EDEDED,#EDEDED,#EDEDED,#EDEDED,#EDEDED,#EDEDED,#EDEDED,#EDEDED,#EDEDED,#EDEDED,#EDEDED,#EDEDED,#EE8C3E,#EE8C3E,#F35744,#F35744,#F35744,#EE8C3E,#EE8C3E,#EE8C3E,#EE8C3E,#EE8C3E,#EE8C3E,#EE8C3E,#EE8C3E,#EE8C3E,#EE8C3E,#EE8C3E,#8A4526,#8A4526,#EE8C3E,#EE8C3E,#EE8C3E,#EE8C3E,#EE8C3E,#EE8C3E,#EE8C3E,#EE8C3E,#EE8C3E,#FD8324,#AD6F3C,#AD6F3C,#EE8C3E,#EE8C3E,#EE8C3E,#EE8C3E,#EE8C3E,#EE8C3E,#EE8C3E,#EE8C3E,#EE8C3E,#8A4526,#8A4526,#8A4526,#EE8C3E,#FD8324,#EE8C3E,#EE8C3E,#EE8C3E,#EE8C3E,#EE8C3E,#EE8C3E,#EE8C3E,#EE8C3E,#EE8C3E,#EDEDED,#EDEDED,#EDEDED,#EDEDED,#EDEDED,#EDEDED,#EDEDED,#EDEDED,#EDEDED,#EDEDED,#EDEDED,#EDEDED,#EDEDED,#EDEDED,#EDEDED,#EDEDED,#EDEDED,#EDEDED,#EDEDED,#EDEDED,#EDEDED,#EDEDED,#EDEDED,#EDEDED,#EDEDED,#EDEDED,#EDEDED,#EDEDED
#EDEDED,#FFFFFF,#EDEDED,#EDEDED,#EDEDED,#EDEDED,#EDEDED,#EDEDED,#EDEDED,#EDEDED,#EDEDED,#EDEDED,#EDEDED,#EDEDED,#EDEDED,#EDEDED,#EDEDED,#EDEDED,#FCDDD2,#EE8C3E,#EE8C3E,#F35744,#F35744,#EE8C3E,#FD8324,#EE8C3E,#FEA324,#EE8C3E,#FD8324,#FEA324,#EE8C3E,#EE8C3E,#EE8C3E,#FEA324,#EE8C3E,#8A4526,#8A4526,#8A4526,#FEA324,#FEA324,#EE8C3E,#EE8C3E,#EE8C3E,#EE8C3E,#EE8C3E,#E6B483,#EE8C3E,#6C372F,#5A2121,#EE8C3E,#EE8C3E,#EE8C3E,#EE8C3E,#EE8C3E,#D19066,#EE8C3E,#FD8324,#EE8C3E,#EE8C3E,#8A4526,#EE8C3E,#FD8324,#EE8C3E,#EE8C3E,#EE8C3E,#EE8C3E,#EE8C3E,#EE8C3E,#EE8C3E,#EE8C3E,#EE8C3E,#EE8C3E,#EDEDED,#EDEDED,#EDEDED,#EDEDED,#EDEDED,#EDEDED,#EDEDED,#EDEDED,#EDEDED,#EDEDED,#EDEDED,#EDEDED,#EDEDED,#EDEDED,#EDEDED,#EDEDED,#EDEDED,#EDEDED,#EDEDED,#EDEDED,#EDEDED,#EDEDED,#EDEDED,#EDEDED,#EDEDED,#EDEDED,#EDEDED,#EDEDED
#EDEDED,#EDEDED,#EDEDED,#EDEDED,#EDEDED,#EDEDED,#EDEDED,#EDEDED,#EDEDED,#EDEDED,#EDEDED,#EDEDED,#EDEDED,#EDEDED,#EDEDED,#EDEDED,#EDEDED,#EDEDED,#EE8C3E,#EE8C3E,#EE8C3E,#F35744,#F35744,#EE8C3E,#EE8C3E,#EE8C3E,#EE8C3E,#EE8C3E,#EE8C3E,#EE8C3E,#EE8C3E,#EE8C3E,#EE8C3E,#EE8C3E,#EE8C3E,#8A4526,#8A4526,#8A4526,#FD8324,#FD8324,#EE8C3E,#EE8C3E,#EE8C3E,#EE8C3E,#EE8C3E,#EE8C3E,#FEA324,#5A2121,#EE8C3E,#EE8C3E,#EE8C3E,#EE8C3E,#EE8C3E,#EE8C3E,#EE8C3E,#5A2121,#5A2121,#5A2121,#AD6F3C,#FF995B,#EE8C3E,#EE8C3E,#EE8C3E,#EE8C3E,#EE8C3E,#EE8C3E,#EE8C3E,#EE8C3E,#EE8C3E,#EE8C3E,#EE8C3E,#EE8C3E,#EDEDED,#EDEDED,#EDEDED,#EDEDED,#EDEDED,#EDEDED,#EDEDED,#EDEDED,#EDEDED,#EDEDED,#EDEDED,#EDEDED,#EDEDED,#EDEDED,#EDEDED,#EDEDED,#EDEDED,#EDEDED,#EDEDED,#EDEDED,#EDEDED,#EDEDED,#EDEDED,#EDEDED,#EDEDED,#EDEDED,#EDEDED,#EDEDED
#EDEDED,#9A9D94,#EDEDED,#EDEDED,#EDEDED,#EDEDED,#EDEDED,#EDEDED,#EDEDED,#EDEDED,#EDEDED,#EDEDED,#EDEDED,#EDEDED,#EDEDED,#EDEDED,#EDEDED,#EDEDED,#D19066,#EE8C3E,#EE8C3E,#F35744,#F35744,#F35744,#E6B483,#EE8C3E,#FEC2A6,#FFD67D,#EE8C3E,#FFC365,#EE8C3E,#FF995B,#EE8C3E,#EE8C3E,#EE8C3E,#EE8C3E,#FF995B,#EE8C3E,#5A2121,#5A2121,#EE8C3E,#EE8C3E,#EE8C3E,#FD8324,#EE8C3E,#EDB045,#EE8C3E,#FF995B,#EE8C3E,#EE8C3E,#E6B483,#EE8C3E,#EE8C3E,#EE8C3E,#EE8C3E,#5A2121,#5A2121,#5A2121,#5A2121,#EE8C3E,#EE8C3E,#E6B483,#EE8C3E,#EE8C3E,#FD8324,#EE8C3E,#EE8C3E,#EE8C3E,#FF995B,#EE8C3E,#EE8C3E,#EE8C3E,#EDEDED,#EDEDED,#EDEDED,#EDEDED,#EDEDED,#EDEDED,#EDEDED,#EDEDED,#EDEDED,#EDEDED,#EDEDED,#EDEDED,#EDEDED,#EDEDED,#EDEDED,#EDEDED,#EDEDED,#EDEDED,#EDEDED,#EDEDED,#EDEDED,#EDEDED,#EDEDED,#EDEDED,#EDEDED,#EDEDED,#FFFFFF,#EDEDED
#EDEDED,#EDEDED,#EDEDED,#EDEDED,#EDEDED,#EDEDED,#EDEDED,#EDEDED,#EDEDED,#EDEDED,#EDEDED,#EDEDED,#EDEDED,#EDEDED,#EDEDED,#EDEDED,#EDEDED,#EDEDED,#EDEDED,#EE8C3E,#EE8C3E,#F35744,#F35744,#EE8C3E,#EE8C3E,#EE8C3E,#EE8C3E,#EE8C3E,#EE8C3E,#EE8C3E,#EE8C3E,#EE8C3E,#EE8C3E,#EE8C3E,#EE8C3E,#EE8C3E,#FEA324,#EE8C3E,#5A2121,#5A2121,#EE8C3E,#EE8C3E,#EE8C3E,#EE8C3E,#EE8C3E,#EE8C3E,#FF995B,#EE8C3E,#D37C46,#8A4526,#EE8C3E,#D37C46,#EE8C3E,#EE8C3E,#EE8C3E,#5A2121,#8A4526,#5A2121,#EE8C3E,#EE8C3E,#EE8C3E,#EE8C3E,#EE8C3E,#EE8C3E,#EE8C3E,#EE8C3E,#EE8C3E,#EE8C3E,#EE8C3E,#EE8C3E,#EE8C3E,#E6B483,#EDEDED,#EDEDED,#EDEDED,#EDEDED,#EDEDED,#EDEDED,#EDEDED,#EDEDED,#EDEDED,#EDEDED,#EDEDED,#EDEDED,#EDEDED,#EDEDED,#EDEDED,#EDEDED,#EDEDED,#EDEDED,#EDEDED,#EDEDED,#EDEDED,#EDEDED,#EDEDED,#EDEDED,#EDEDED,#EDEDED,#EDEDED,#EDEDED
#EDEDED,#EDEDED,#EDEDED,#EDEDED,#EDEDED,#EDEDED,#EDEDED,#EDEDED,#EDEDED,#EDEDED,#EDEDED,#EDEDED,#EDEDED,#EDEDED,#EDEDED,#EDEDED,#EDEDED,#EDEDED,#E6B483,#EE8C3E,#EE8C3E,#F35744,#F35744,#F35744,#EE8C3E,#EE8C3E,#EE8C3E,#EE8C3E,#FD8324,#EE8C3E,#F35744,#F35744,#F35744,#EE8C3E,#EE8C3E,#EE8C3E,#EE8C3E,#EE8C3E,#FFC365,#5A2121,#5A2121,#5A2121,#5A2121,#5A2121,#5A2121,#5A2121,#5A2121,#5A2121,#5A2121,#5A2121,#5A2121,#5A2121,#5A2121,#5A2121,#5A2121,#5A2121,#EE8C3E,#EE8C3E,#EE8C3E,#EE8C3E,#EE8C3E,#FEA324,#EE8C3E,#EE8C3E,#EE8C3E,#EE8C3E,#EE8C3E,#EE8C3E,#EE8C3E,#EDEDED,#EDEDED,#EDEDED,#EDEDED,#EDEDED,#EDEDED,#EDEDED,#EDEDED,#EDEDED,#EDEDED,#EDEDED,#EDEDED,#EDEDED,#EDEDED,#EDEDED,#EDEDED,#EDEDED,#EDEDED,#EDEDED,#EDEDED,#EDEDED,#EDEDED,#EDEDED,#EDEDED,#EDEDED,#EDEDED,#EDEDED,#EDEDED,#EDEDED,#EDEDED,#EDEDED
#EDEDED,#EDEDED,#EDEDED,#EDEDED,#EDEDED,#EDEDED,#EDEDED,#EDEDED,#EDEDED,#EDEDED,#EDEDED,#EDEDED,#EDEDED,#EDEDED,#EDEDED,#EDEDED,#EDEDED,#EDEDED,#EDEDED,#EE8C3E,#EE8C3E,#F35744,#F35744,#EE8C3E,#EE8C3E,#FEA324,#EE8C3E,#EE8C3E,#EE8C3E,#EE8C3E,#EE8C3E,#F35744,#F35744,#EE8C3E,#EE8C3E,#EE8C3E,#E6B483,#EE8C3E,#EE8C3E,#5A2121,#5A2121,#5A2121,#5A2121,#5A2121,#5A2121,#5A2121,#5A2121,#5A2121,#5A2121,#5A2121,#5A2121,#5A2121,#5A2121,#5A2121,#5A2121,#5A2121,#EE8C3E,#EE8C3E,#EE8C3E,#EE8C3E,#EE8C3E,#EE8C3E,#EE8C3E,#FD8324,#EE8C3E,#EE8C3E,#EE8C3E,#EE8C3E,#EE8C3E,#EDEDED,#EDEDED,#EDEDED,#EDEDED,#EDEDED,#EDEDED,#EDEDED,#EDEDED,#EDEDED,#EDEDED,#EDEDED,#EDEDED,#EDEDED,#EDEDED,#EDEDED,#EDEDED,#EDEDED,#EDEDED,#EDEDED,#EDEDED,#EDEDED,#EDEDED,#EDEDED,#EDEDED,#EDEDED,#EDEDED,#EDEDED,#EDEDED,#EDEDED,#EDEDED,#B0A9AC
#EDEDED,#EDEDED,#EDEDED,#EDEDED,#EDEDED,#EDEDED,#EDEDED,#EDEDED,#EDEDED,#EDEDED,#EDEDED,#EDEDED,#EDEDED,#EDEDED,#EDEDED,#EDEDED,#EDEDED,#EDEDED,#F35744,#EE8C3E,#F35744,#F35744,#F35744,#FD8324,#EE8C3E,#EE8C3E,#EE8C3E,#EE8C3E,#EE8C3E,#FEA324,#F35744,#F35744,#F35744,#F35744,#EE8C3E,#EE8C3E,#FD8324,#EE8C3E,#FEA324,#EE8C3E,#FF995B,#EE8C3E,#EE8C3E,#EE8C3E,#FD8324,#EE8C3E,#EE8C3E,#EE8C3E,#EE8C3E,#EE8C3E,#EE8C3E,#FF995B,#AD6F3C,#EE8C3E,#EE8C3E,#EE8C3E,#EE8C3E,#EE8C3E,#FEA324,#EE8C3E,#EE8C3E,#EE8C3E,#EE8C3E,#FD8324,#EE8C3E,#EE8C3E,#EE8C3E,#EE8C3E,#EDEDED,#EDEDED,#EDEDED,#EDEDED,#EDEDED,#EDEDED,#EDEDED,#EDEDED,#EDEDED,#EDEDED,#EDEDED,#EDEDED,#EDEDED,#EDEDED,#EDEDED,#EDEDED,#EDEDED,#EDEDED,#EDEDED,#EDEDED,#EDEDED,#EDEDED,#EDEDED,#EDEDED,#EDEDED,#EDEDED,#EDEDED,#EDEDED,#EDEDED,#EDEDED,#EDEDED,#EDEDED
#EDEDED,#EDEDED,#EDEDED,#EDEDED,#EDEDED,#EDEDED,#EDEDED,#EDEDED,#EDEDED,#EDEDED,#EDEDED,#EDEDED,#EDEDED,#EDEDED,#EDEDED,#EDEDED,#EDEDED,#EDEDED,#EDEDED,#E6B483,#F35744,#F35744,#F35744,#EE8C3E,#EDB045,#EE8C3E,#EE8C3E,#EE8C3E,#EE8C3E,#FF995B,#EE8C3E,#F35744,#F35744,#F35744,#EE8C3E,#EE8C3E,#EE8C3E,#EE8C3E,#EE8C3E,#EE8C3E,#EE8C3E,#EE8C3E,#EE8C3E,#EE8C3E,#EE8C3E,#FD8324,#EE8C3E,#EE8C3E,#EE8C3E,#EE8C3E,#EE8C3E,#EE8C3E,#EE8C3E,#EE8C3E,#FEA324,#EE8C3E,#FEA324,#EE8C3E,#EE8C3E,#EE8C3E,#EE8C3E,#EE8C3E,#EE8C3E,#FEA324,#FD8324,#EE8C3E,#EE8C3E,#FCDDD2,#EDEDED,#EDEDED,#EDEDED,#EDEDED,#EDEDED,#EDEDED,#EDEDED,#EDEDED,#EDEDED,#EDEDED,#EDEDED,#EDEDED,#EDEDED,#EDEDED,#EDEDED,#EDEDED,#EDEDED,#EDEDED,#EDEDED,#EDEDED,#EDEDED,#EDEDED,#EDEDED,#EDEDED,#EDEDED,#EDEDED,#EDEDED,#EDEDED,#EDEDED,#EDEDED,#EDEDED,#EDEDED
#EDEDED,#EDEDED,#EDEDED,#EDEDED,#EDEDED,#EDEDED,#EDEDED,#EDEDED,#EDEDED,#EDEDED,#EDEDED,#EDEDED,#EDEDED,#EDEDED,#EDEDED,#EDEDED,#EDEDED,#EDEDED,#EDEDED,#EDEDED,#EDEDED,#F35744,#F35744,#EE8C3E,#EE8C3E,#F35744,#F35744,#EE8C3E,#EE8C3E,#EE8C3E,#EE8C3E,#EE8C3E,#F35744,#F35744,#F35744,#EE8C3E,#F35744,#EE8C3E,#EE8C3E,#EE8C3E,#EE8C3E,#EE8C3E,#EE8C3E,#EE8C3E,#EE8C3E,#EE8C3E,#EE8C3E,#EE8C3E,#EE8C3E,#EE8C3E,#EE8C3E,#EE8C3E,#EE8C3E,#EE8C3E,#FEA324,#EE8C3E,#EE8C3E,#FEA324,#EE8C3E,#EE8C3E,#F35744,#F35744,#FEC2A6,#FEC2A6,#FEC2A6,#EDEDED,#EDEDED,#EDEDED,#EDEDED,#EDEDED,#EDEDED,#EDEDED,#EDEDED,#EDEDED,#EDEDED,#EDEDED,#EDEDED,#EDEDED,#EDEDED,#EDEDED,#EDEDED,#EDEDED,#EDEDED,#EDEDED,#EDEDED,#EDEDED,#EDEDED,#EDEDED,#EDEDED,#EDEDED,#EDEDED,#EDEDED,#EDEDED,#EDEDED,#EDEDED,#EDEDED,#EDEDED,#EDEDED,#EDEDED,#D9D9D9
#EDEDED,#B0A9AC,#EDEDED,#EDEDED,#EDEDED,#EDEDED,#EDEDED,#EDEDED,#EDEDED,#EDEDED,#EDEDED,#EDEDED,#EDEDED,#EDEDED,#EDEDED,#EDEDED,#EDEDED,#EDEDED,#EDEDED,#EDEDED,#EDEDED,#C9675E,#F35744,#F35744,#FEC2A6,#EE8C3E,#F35744,#EE8C3E,#EE8C3E,#FFD67D,#EE8C3E,#EE8C3E,#D37C46,#A94023,#F35744,#F35744,#F35744,#F35744,#E6B483,#FD8324,#EE8C3E,#EE8C3E,#EE8C3E,#EE8C3E,#EE8C3E,#FF995B,#EE8C3E,#EE8C3E,#EE8C3E,#EE8C3E,#EE8C3E,#EE8C3E,#EE8C3E,#EE8C3E,#EE8C3E,#EE8C3E,#FEC2A6,#EE8C3E,#C9675E,#F35744,#F35744,#F35744,#F35744,#FEC2A6,#FEC2A6,#FCDDD2,#EDEDED,#EDEDED,#EDEDED,#EDEDED,#EDEDED,#EDEDED,#EDEDED,#EDEDED,#EDEDED,#EDEDED,#EDEDED,#EDEDED,#EDEDED,#EDEDED,#EDEDED,#EDEDED,#EDEDED,#B0A9AC,#EDEDED,#EDEDED,#EDEDED,#EDEDED,#EDEDED,#EDEDED,#EDEDED,#EDEDED,#EDEDED,#EDEDED,#EDEDED,#EDEDED,#EDEDED,#EDEDED,#EDEDED,#EDEDED
#EDEDED,#EDEDED,#EDEDED,#EDEDED,#EDEDED,#D9D9D9,#EDEDED,#EDEDED,#EDEDED,#EDEDED,#EDEDED,#EDEDED,#EDEDED,#EDEDED,#EDEDED,#EDEDED,#EDEDED,#EDEDED,#EDEDED,#EDEDED,#EDEDED,#F35744,#FEC2A6,#FEA324,#EE8C3E,#EE8C3E,#F35744,#F35744,#EE8C3E,#EE8C3E,#EE8C3E,#FF995B,#EE8C3E,#EE8C3E,#FD8324,#EE8C3E,#F35744,#EE8C3E,#EE8C3E,#EE8C3E,#EE8C3E,#EE8C3E,#EE8C3E,#EE8C3E,#EE8C3E,#EE8C3E,#EE8C3E,#EE8C3E,#EE8C3E,#EE8C3E,#EE8C3E,#FEA324,#EE8C3E,#EE8C3E,#EE8C3E,#EE8C3E,#EE8C3E,#F35744,#F35744,#EDEDED,#F35744,#F35744,#F35744,#FEC2A6,#EDEDED,#EDEDED,#EDEDED,#EDEDED,#EDEDED,#EDEDED,#EDEDED,#EDEDED,#EDEDED,#EDEDED,#EDEDED,#EDEDED,#EDEDED,#EDEDED,#EDEDED,#EDEDED,#EDEDED,#EDEDED,#EDEDED,#EDEDED,#EDEDED,#EDEDED,#EDEDED,#EDEDED,#EDEDED,#EDEDED,#EDEDED,#EDEDED,#EDEDED,#EDEDED,#EDEDED,#EDEDED,#EDEDED,#EDEDED,#EDEDED,#EDEDED
#EDEDED,#EDEDED,#EDEDED,#EDEDED,#EDEDED,#EDEDED,#EDEDED,#EDEDED,#EDEDED,#EDEDED,#EDEDED,#EDEDED,#EDEDED,#EDEDED,#EDEDED,#EDEDED,#EDEDED,#EDEDED,#EDEDED,#EDEDED,#EDEDED,#EDEDED,#EDEDED,#EDEDED,#F35744,#F35744,#F35744,#F35744,#C1444A,#E6B483,#EE8C3E,#EE8C3E,#EE8C3E,#EE8C3E,#FD8324,#FD8324,#FD8324,#EE8C3E,#FEA324,#EE8C3E,#EE8C3E,#EE8C3E,#EE8C3E,#EE8C3E,#FEA324,#FEA324,#EE8C3E,#EE8C3E,#EE8C3E,#EE8C3E,#EE8C3E,#EE8C3E,#EE8C3E,#EE8C3E,#EE8C3E,#EE8C3E,#F35744,#F35744,#EDEDED,#EDEDED,#EDEDED,#FFFFFF,#FFFFFF,#FFFFFF,#FFFFFF,#E4A89F,#FEC2A6,#EDEDED,#EDEDED,#EDEDED,#EDEDED,#EDEDED,#EDEDED,#EDEDED,#EDEDED,#EDEDED,#EDEDED,#EDEDED,#EDEDED,#EDEDED,#EDEDED,#EDEDED,#EDEDED,#EDEDED,#EDEDED,#EDEDED,#EDEDED,#EDEDED,#EDEDED,#EDEDED,#EDEDED,#EDEDED,#EDEDED,#EDEDED,#EDEDED,#EDEDED,#EDEDED,#EDEDED,#EDEDED,#EDEDED
#EDEDED,#EDEDED,#EDEDED,#EDEDED,#EDEDED,#EDEDED,#EDEDED,#EDEDED,#EDEDED,#EDEDED,#EDEDED,#EDEDED,#EDEDED,#EDEDED,#EDEDED,#EDEDED,#EDEDED,#EDEDED,#EDEDED,#EDEDED,#EDEDED,#EDEDED,#EDEDED,#C9675E,#F35744,#B88558,#C9675E,#F35744,#F35744,#F35744,#EE8C3E,#EE8C3E,#EE8C3E,#EE8C3E,#EE8C3E,#EE8C3E,#EE8C3E,#EE8C3E,#EE8C3E,#EE8C3E,#EE8C3E,#EE8C3E,#EE8C3E,#EE8C3E,#EE8C3E,#EE8C3E,#EE8C3E,#EE8C3E,#EE8C3E,#EE8C3E,#EE8C3E,#EE8C3E,#FD8324,#EE8C3E,#EE8C3E,#F35744,#F35744,#F35744,#EDEDED,#EDEDED,#EDEDED,#FFFFFF,#FFFFFF,#FFFFFF,#D9D9D9,#E4A89F,#FEC2A6,#FEC2A6,#EDEDED,#EDEDED,#EDEDED,#EDEDED,#EDEDED,#EDEDED,#EDEDED,#EDEDED,#D9D9D9,#EDEDED,#EDEDED,#EDEDED,#EDEDED,#EDEDED,#EDEDED,#EDEDED,#EDEDED,#EDEDED,#EDEDED,#EDEDED,#EDEDED,#EDEDED,#EDEDED,#EDEDED,#EDEDED,#EDEDED,#EDEDED,#EDEDED,#EDEDED,#EDEDED,#D9D9D9,#EDEDED
#EDEDED,#EDEDED,#EDEDED,#EDEDED,#EDEDED,#EDEDED,#EDEDED,#EDEDED,#EDEDED,#EDEDED,#EDEDED,#EDEDED,#EDEDED,#EDEDED,#EDEDED,#EDEDED,#EDEDED,#EDEDED,#EDEDED,#EDEDED,#EDEDED,#EDEDED,#BCC6B8,#EDEDED,#EDEDED,#EDEDED,#EDEDED,#EDEDED,#F35744,#F35744,#EE8C3E,#EE8C3E,#EE8C3E,#EE8C3E,#EE8C3E,#EE8C3E,#EE8C3E,#F35744,#EE8C3E,#EE8C3E,#EE8C3E,#EE8C3E,#EE8C3E,#EE8C3E,#EE8C3E,#EE8C3E,#EE8C3E,#EE8C3E,#EE8C3E,#EE8C3E,#EE8C3E,#EE8C3E,#EE8C3E,#EE8C3E,#EE8C3E,#EE8C3E,#EDEDED,#EDEDED,#EDEDED,#EDEDED,#FFFFFF,#FFFFFF,#FFFFFF,#EDEDED,#EDEDED,#E6B483,#FEC2A6,#FEC2A6,#EDEDED,#EDEDED,#EDEDED,#EDEDED,#B0A9AC,#EDEDED,#EDEDED,#EDEDED,#EDEDED,#EDEDED,#EDEDED,#EDEDED,#EDEDED,#EDEDED,#EDEDED,#EDEDED,#EDEDED,#EDEDED,#EDEDED,#EDEDED,#EDEDED,#EDEDED,#EDEDED,#EDEDED,#EDEDED,#EDEDED,#EDEDED,#EDEDED,#EDEDED,#EDEDED,#EDEDED,#EDEDED
#EDEDED,#EDEDED,#EDEDED,#EDEDED,#EDEDED,#EDEDED,#EDEDED,#EDEDED,#EDEDED,#EDEDED,#EDEDED,#EDEDED,#EDEDED,#EDEDED,#EDEDED,#EDEDED,#EDEDED,#EDEDED,#EDEDED,#EDEDED,#B0A9AC,#EDEDED,#EDEDED,#EDEDED,#EDEDED,#EDEDED,#EDEDED,#EDEDED,#F35744,#F35744,#F35744,#F35744,#F35744,#F35744,#F35744,#F35744,#F35744,#F35744,#F35744,#F35744,#FD8324,#FD8324,#FD8324,#EE8C3E,#FD8324,#FD8324,#EE8C3E,#FEA324,#FD8324,#FD8324,#FD8324,#EE8C3E,#EE8C3E,#EE8C3E,#EE8C3E,#EDEDED,#EDEDED,#EDEDED,#EDEDED,#FFFFFF,#FFFFFF,#FFFFFF,#FFFFFF,#EDEDED,#EDEDED,#FEC2A6,#D19066,#FEC2A6,#EDEDED,#EDEDED,#EDEDED,#EDEDED,#EDEDED,#EDEDED,#EDEDED,#EDEDED,#EDEDED,#EDEDED,#EDEDED,#EDEDED,#EDEDED,#EDEDED,#EDEDED,#EDEDED,#EDEDED,#EDEDED,#EDEDED,#EDEDED,#EDEDED,#EDEDED,#EDEDED,#EDEDED,#EDEDED,#EDEDED,#EDEDED,#EDEDED,#EDEDED,#EDEDED,#EDEDED,#EDEDED
#EDEDED,#EDEDED,#EDEDED,#EDEDED,#EDEDED,#EDEDED,#EDEDED,#EDEDED,#EDEDED,#EDEDED,#EDEDED,#EDEDED,#EDEDED,#EDEDED,#EDEDED,#EDEDED,#9A9D94,#EDEDED,#EDEDED,#EDEDED,#EDEDED,#EDEDED,#EDEDED,#EDEDED,#EDEDED,#EDEDED,#EDEDED,#EDEDED,#FEC2A6,#FEC2A6,#EDEDED,#EDEDED,#EDEDED,#EDEDED,#EDEDED,#EDEDED,#EDEDED,#EDEDED,#EDEDED,#F35744,#EDEDED,#EDEDED,#FEC2A6,#FEC2A6,#FEA324,#FEA324,#EDEDED,#EDEDED,#FD8324,#EE8C3E,#EE8C3E,#FEC2A6,#FEC2A6,#FEC2A6,#EDEDED,#EDEDED,#EDEDED,#EDEDED,#EDEDED,#EDEDED,#EDEDED,#EDEDED,#EDEDED,#FEC2A6,#D19066,#EDEDED,#D19066,#EDEDED,#EDEDED,#EDEDED,#EDEDED,#EDEDED,#EDEDED,#EDEDED,#EDEDED,#EDEDED,#EDEDED,#EDEDED,#EDEDED,#EDEDED,#EDEDED,#EDEDED,#EDEDED,#EDEDED,#EDEDED,#EDEDED,#EDEDED,#EDEDED,#EDEDED,#EDEDED,#EDEDED,#EDEDED,#EDEDED,#EDEDED,#EDEDED,#EDEDED,#EDEDED,#EDEDED,#D9D9D9,#EDEDED
#D9D9D9,#EDEDED,#EDEDED,#EDEDED,#EDEDED,#EDEDED,#EDEDED,#EDEDED,#EDEDED,#EDEDED,#EDEDED,#EDEDED,#EDEDED,#EDEDED,#EDEDED,#EDEDED,#EDEDED,#EDEDED,#EDEDED,#EDEDED,#EDEDED,#EDEDED,#EDEDED,#EDEDED,#EDEDED,#EDEDED,#EDEDED,#EDEDED,#FEC2A6,#FEC2A6,#FEC2A6,#EDEDED,#EDEDED,#EDEDED,#EDEDED,#EDEDED,#EDEDED,#EDEDED,#EDEDED,#EDEDED,#EDEDED,#EDEDED,#FEC2A6,#FEC2A6,#EDEDED,#EDEDED,#EDEDED,#EDEDED,#EDEDED,#EDEDED,#EDEDED,#FEC2A6,#FEC2A6,#FEC2A6,#EDEDED,#EDEDED,#EDEDED,#EDEDED,#E3D2BC,#EDEDED,#EDEDED,#EDEDED,#EDEDED,#FEC2A6,#FEC2A6,#EDEDED,#EDEDED,#EDEDED,#EDEDED,#EDEDED,#EDEDED,#EDEDED,#EDEDED,#EDEDED,#EDEDED,#EDEDED,#EDEDED,#EDEDED,#EDEDED,#EDEDED,#EDEDED,#EDEDED,#EDEDED,#EDEDED,#EDEDED,#EDEDED,#EDEDED,#EDEDED,#EDEDED,#EDEDED,#EDEDED,#EDEDED,#EDEDED,#EDEDED,#EDEDED,#EDEDED,#EDEDED,#EDEDED,#EDEDED,#EDEDED
#EDEDED,#EDEDED,#EDEDED,#EDEDED,#EDEDED,#EDEDED,#EDEDED,#EDEDED,#EDEDED,#EDEDED,#EDEDED,#EDEDED,#EDEDED,#EDEDED,#EDEDED,#EDEDED,#EDEDED,#EDEDED,#EDEDED,#EDEDED,#EDEDED,#EDEDED,#EDEDED,#EDEDED,#EDEDED,#EDEDED,#EDEDED,#EDEDED,#FEC2A6,#FEC2A6,#EDEDED,#EDEDED,#EDEDED,#EDEDED,#EDEDED,#EDEDED,#EDEDED,#FFFFFF,#EDEDED,#EDEDED,#FFFFFF,#EDEDED,#FEC2A6,#FEC2A6,#D9D9D9,#EDEDED,#EDEDED,#EDEDED,#EDEDED,#EDEDED,#EDEDED,#FEC2A6,#FEC2A6,#EDEDED,#EDEDED,#FEC2A6,#EDEDED,#EDEDED,#EDEDED,#EDEDED,#EDEDED,#EDEDED,#EDEDED,#FEC2A6,#FEC2A6,#EDEDED,#EDEDED,#EDEDED,#EDEDED,#EDEDED,#EDEDED,#EDEDED,#EDEDED,#EDEDED,#EDEDED,#EDEDED,#EDEDED,#EDEDED,#EDEDED,#EDEDED,#EDEDED,#EDEDED,#EDEDED,#EDEDED,#EDEDED,#EDEDED,#EDEDED,#EDEDED,#EDEDED,#EDEDED,#EDEDED,#EDEDED,#EDEDED,#EDEDED,#EDEDED,#EDEDED,#EDEDED,#EDEDED,#EDEDED,#EDEDED
#EDEDED,#EDEDED,#EDEDED,#EDEDED,#EDEDED,#EDEDED,#EDEDED,#EDEDED,#EDEDED,#EDEDED,#EDEDED,#EDEDED,#EDEDED,#EDEDED,#EDEDED,#EDEDED,#EDEDED,#EDEDED,#EDEDED,#EDEDED,#EDEDED,#EDEDED,#EDEDED,#EDEDED,#EDEDED,#EDEDED,#EDEDED,#EDEDED,#FEC2A6,#FEC2A6,#FFFFFF,#EDEDED,#FFFFFF,#EDEDED,#FFFFFF,#FFFFFF,#EDEDED,#FFFFFF,#EDEDED,#FFFFFF,#FFFFFF,#EDEDED,#FEC2A6,#FEC2A6,#EDEDED,#EDEDED,#EDEDED,#EDEDED,#EDEDED,#EDEDED,#EDEDED,#EDEDED,#EDEDED,#EDEDED,#FEC2A6,#FEC2A6,#FEC2A6,#FEC2A6,#FEC2A6,#FEC2A6,#FEC2A6,#FEC2A6,#EDEDED,#EDEDED,#EDEDED,#EDEDED,#EDEDED,#EDEDED,#EDEDED,#EDEDED,#EDEDED,#EDEDED,#EDEDED,#EDEDED,#EDEDED,#EDEDED,#EDEDED,#EDEDED,#EDEDED,#EDEDED,#EDEDED,#EDEDED,#EDEDED,#EDEDED,#EDEDED,#EDEDED,#EDEDED,#EDEDED,#EDEDED,#EDEDED,#EDEDED,#EDEDED,#EDEDED,#EDEDED,#EDEDED,#EDEDED,#EDEDED,#EDEDED,#EDEDED,#EDEDED
#EDEDED,#EDEDED,#EDEDED,#EDEDED,#EDEDED,#EDEDED,#EDEDED,#EDEDED,#EDEDED,#EDEDED,#EDEDED,#EDEDED,#EDEDED,#EDEDED,#EDEDED,#EDEDED,#EDEDED,#EDEDED,#EDEDED,#EDEDED,#EDEDED,#EDEDED,#EDEDED,#EDEDED,#EDEDED,#EDEDED,#EDEDED,#EDEDED,#FEC2A6,#FEC2A6,#EDEDED,#EDEDED,#EDEDED,#EDEDED,#FFFFFF,#FFFFFF,#FFFFFF,#EDEDED,#EDEDED,#FFFFFF,#EDEDED,#EDEDED,#FEC2A6,#FEC2A6,#EDEDED,#EDEDED,#EDEDED,#EDEDED,#EDEDED,#EDEDED,#EDEDED,#EDEDED,#EDEDED,#EDEDED,#FEC2A6,#FEC2A6,#FEC2A6,#FEC2A6,#FEC2A6,#FEC2A6,#FEC2A6,#FEC2A6,#FEC2A6,#EDEDED,#EDEDED,#EDEDED,#EDEDED,#EDEDED,#EDEDED,#EDEDED,#EDEDED,#EDEDED,#EDEDED,#EDEDED,#EDEDED,#EDEDED,#EDEDED,#EDEDED,#EDEDED,#EDEDED,#EDEDED,#EDEDED,#EDEDED,#EDEDED,#EDEDED,#EDEDED,#EDEDED,#EDEDED,#EDEDED,#EDEDED,#EDEDED,#EDEDED,#EDEDED,#EDEDED,#EDEDED,#EDEDED,#EDEDED,#EDEDED,#D9D9D9,#EDEDED
#EDEDED,#EDEDED,#EDEDED,#EDEDED,#EDEDED,#EDEDED,#EDEDED,#EDEDED,#EDEDED,#EDEDED,#EDEDED,#EDEDED,#EDEDED,#EDEDED,#EDEDED,#EDEDED,#EDEDED,#EDEDED,#EDEDED,#EDEDED,#EDEDED,#EDEDED,#EDEDED,#EDEDED,#EDEDED,#EDEDED,#EDEDED,#EDEDED,#EDEDED,#EDEDED,#FEC2A6,#FEC2A6,#FEC2A6,#FEC2A6,#FEC2A6,#FEC2A6,#FEC2A6,#FEC2A6,#FEC2A6,#FEC2A6,#FEC2A6,#FEC2A6,#EDEDED,#EDEDED,#EDEDED,#EDEDED,#EDEDED,#EDEDED,#EDEDED,#EDEDED,#EDEDED,#EDEDED,#EDEDED,#EDEDED,#EDEDED,#EDEDED,#EDEDED,#EDEDED,#EDEDED,#EDEDED,#EDEDED,#EDEDED,#EDEDED,#EDEDED,#EDEDED,#EDEDED,#EDEDED,#EDEDED,#EDEDED,#EDEDED,#EDEDED,#EDEDED,#EDEDED,#EDEDED,#EDEDED,#EDEDED,#EDEDED,#EDEDED,#EDEDED,#EDEDED,#EDEDED,#EDEDED,#EDEDED,#EDEDED,#EDEDED,#EDEDED,#EDEDED,#EDEDED,#EDEDED,#EDEDED,#EDEDED,#EDEDED,#EDEDED,#EDEDED,#EDEDED,#EDEDED,#EDEDED,#EDEDED,#EDEDED,#EDEDED
#EDEDED,#EDEDED,#EDEDED,#EDEDED,#EDEDED,#EDEDED,#EDEDED,#EDEDED,#EDEDED,#EDEDED,#EDEDED,#EDEDED,#EDEDED,#EDEDED,#EDEDED,#EDEDED,#EDEDED,#EDEDED,#EDEDED,#EDEDED,#EDEDED,#EDEDED,#EDEDED,#EDEDED,#EDEDED,#EDEDED,#EDEDED,#EDEDED,#EDEDED,#EDEDED,#FEC2A6,#FEC2A6,#FEC2A6,#FEC2A6,#FEC2A6,#FEC2A6,#FEC2A6,#FEC2A6,#FEC2A6,#FEC2A6,#FEC2A6,#EDEDED,#EDEDED,#EDEDED,#EDEDED,#EDEDED,#EDEDED,#EDEDED,#EDEDED,#EDEDED,#EDEDED,#EDEDED,#EDEDED,#EDEDED,#EDEDED,#EDEDED,#EDEDED,#EDEDED,#EDEDED,#EDEDED,#EDEDED,#EDEDED,#EDEDED,#EDEDED,#EDEDED,#EDEDED,#EDEDED,#EDEDED,#EDEDED,#EDEDED,#EDEDED,#EDEDED,#EDEDED,#EDEDED,#EDEDED,#EDEDED,#EDEDED,#EDEDED,#EDEDED,#EDEDED,#EDEDED,#EDEDED,#EDEDED,#EDEDED,#EDEDED,#EDEDED,#EDEDED,#EDEDED,#EDEDED,#EDEDED,#EDEDED,#EDEDED,#EDEDED,#EDEDED,#EDEDED,#EDEDED,#EDEDED,#EDEDED,#EDEDED,#EDEDED
#EDEDED,#EDEDED,#EDEDED,#EDEDED,#EDEDED,#EDEDED,#EDEDED,#EDEDED,#EDEDED,#EDEDED,#EDEDED,#EDEDED,#EDEDED,#EDEDED,#EDEDED,#EDEDED,#EDEDED,#EDEDED,#EDEDED,#EDEDED,#EDEDED,#EDEDED,#EDEDED,#EDEDED,#EDEDED,#EDEDED,#EDEDED,#EDEDED,#EDEDED,#EDEDED,#EDEDED,#EDEDED,#EDEDED,#EDEDED,#EDEDED,#EDEDED,#EDEDED,#EDEDED,#EDEDED,#EDEDED,#EDEDED,#EDEDED,#EDEDED,#EDEDED,#EDEDED,#EDEDED,#EDEDED,#EDEDED,#EDEDED,#EDEDED,#EDEDED,#EDEDED,#EDEDED,#EDEDED,#EDEDED,#EDEDED,#EDEDED,#EDEDED,#EDEDED,#EDEDED,#EDEDED,#EDEDED,#EDEDED,#EDEDED,#EDEDED,#EDEDED,#EDEDED,#EDEDED,#EDEDED,#EDEDED,#EDEDED,#EDEDED,#EDEDED,#EDEDED,#EDEDED,#EDEDED,#EDEDED,#EDEDED,#EDEDED,#EDEDED,#EDEDED,#EDEDED,#EDEDED,#EDEDED,#EDEDED,#EDEDED,#EDEDED,#EDEDED,#EDEDED,#EDEDED,#EDEDED,#EDEDED,#EDEDED,#EDEDED,#EDEDED,#EDEDED,#EDEDED,#EDEDED,#EDEDED,#D9D9D9
#EDEDED,#EDEDED,#EDEDED,#EDEDED,#EDEDED,#EDEDED,#EDEDED,#EDEDED,#EDEDED,#EDEDED,#EDEDED,#EDEDED,#EDEDED,#EDEDED,#EDEDED,#EDEDED,#EDEDED,#EDEDED,#EDEDED,#EDEDED,#EDEDED,#EDEDED,#EDEDED,#EDEDED,#EDEDED,#EDEDED,#EDEDED,#EDEDED,#EDEDED,#EDEDED,#EDEDED,#EDEDED,#EDEDED,#EDEDED,#EDEDED,#EDEDED,#EDEDED,#EDEDED,#EDEDED,#EDEDED,#EDEDED,#EDEDED,#EDEDED,#EDEDED,#EDEDED,#EDEDED,#EDEDED,#EDEDED,#EDEDED,#EDEDED,#EDEDED,#EDEDED,#EDEDED,#EDEDED,#EDEDED,#EDEDED,#EDEDED,#EDEDED,#EDEDED,#EDEDED,#EDEDED,#EDEDED,#EDEDED,#EDEDED,#EDEDED,#EDEDED,#EDEDED,#EDEDED,#EDEDED,#EDEDED,#EDEDED,#EDEDED,#EDEDED,#EDEDED,#EDEDED,#EDEDED,#EDEDED,#EDEDED,#EDEDED,#EDEDED,#EDEDED,#EDEDED,#EDEDED,#EDEDED,#EDEDED,#EDEDED,#EDEDED,#EDEDED,#EDEDED,#EDEDED,#EDEDED,#EDEDED,#EDEDED,#EDEDED,#EDEDED,#EDEDED,#EDEDED,#EDEDED,#EDEDED,#EDEDED
#EDEDED,#EDEDED,#EDEDED,#EDEDED,#EDEDED,#EDEDED,#EDEDED,#EDEDED,#EDEDED,#EDEDED,#EDEDED,#EDEDED,#EDEDED,#EDEDED,#EDEDED,#EDEDED,#EDEDED,#EDEDED,#EDEDED,#EDEDED,#EDEDED,#EDEDED,#EDEDED,#EDEDED,#EDEDED,#EDEDED,#EDEDED,#EDEDED,#EDEDED,#EDEDED,#EDEDED,#EDEDED,#EDEDED,#EDEDED,#EDEDED,#EDEDED,#EDEDED,#EDEDED,#EDEDED,#EDEDED,#EDEDED,#EDEDED,#EDEDED,#EDEDED,#EDEDED,#EDEDED,#EDEDED,#EDEDED,#EDEDED,#D9D9D9,#EDEDED,#EDEDED,#EDEDED,#EDEDED,#EDEDED,#EDEDED,#EDEDED,#EDEDED,#EDEDED,#EDEDED,#EDEDED,#EDEDED,#EDEDED,#EDEDED,#EDEDED,#EDEDED,#EDEDED,#EDEDED,#EDEDED,#EDEDED,#EDEDED,#EDEDED,#EDEDED,#EDEDED,#EDEDED,#EDEDED,#EDEDED,#EDEDED,#EDEDED,#EDEDED,#D9D9D9,#EDEDED,#EDEDED,#EDEDED,#EDEDED,#EDEDED,#EDEDED,#EDEDED,#EDEDED,#EDEDED,#EDEDED,#EDEDED,#EDEDED,#EDEDED,#EDEDED,#EDEDED,#EDEDED,#EDEDED,#EDEDED,#EDEDED
#FFFFFF,#FFFFFF,#EDEDED,#EDEDED,#EDEDED,#EDEDED,#EDEDED,#EDEDED,#EDEDED,#EDEDED,#EDEDED,#EDEDED,#EDEDED,#EDEDED,#EDEDED,#EDEDED,#EDEDED,#EDEDED,#EDEDED,#EDEDED,#D9D9D9,#EDEDED,#EDEDED,#EDEDED,#EDEDED,#EDEDED,#EDEDED,#EDEDED,#EDEDED,#EDEDED,#EDEDED,#EDEDED,#EDEDED,#EDEDED,#EDEDED,#EDEDED,#EDEDED,#D9D9D9,#EDEDED,#EDEDED,#EDEDED,#EDEDED,#EDEDED,#EDEDED,#EDEDED,#EDEDED,#EDEDED,#EDEDED,#EDEDED,#EDEDED,#EDEDED,#EDEDED,#EDEDED,#EDEDED,#EDEDED,#EDEDED,#EDEDED,#EDEDED,#EDEDED,#EDEDED,#EDEDED,#EDEDED,#EDEDED,#EDEDED,#EDEDED,#EDEDED,#FFFFFF,#EDEDED,#EDEDED,#D9D9D9,#EDEDED,#EDEDED,#D9D9D9,#EDEDED,#EDEDED,#EDEDED,#EDEDED,#EDEDED,#EDEDED,#D9D9D9,#EDEDED,#EDEDED,#EDEDED,#EDEDED,#EDEDED,#EDEDED,#D9D9D9,#EDEDED,#EDEDED,#EDEDED,#EDEDED,#EDEDED,#EDEDED,#EDEDED,#EDEDED,#EDEDED,#EDEDED,#FFFFFF,#FFFFFF,#FFFFFF
#FFFFFF,#FFFFFF,#EDEDED,#EDEDED,#EDEDED,#EDEDED,#EDEDED,#EDEDED,#EDEDED,#EDEDED,#EDEDED,#EDEDED,#EDEDED,#EDEDED,#EDEDED,#EDEDED,#EDEDED,#EDEDED,#EDEDED,#EDEDED,#EDEDED,#EDEDED,#EDEDED,#EDEDED,#EDEDED,#EDEDED,#EDEDED,#EDEDED,#EDEDED,#EDEDED,#EDEDED,#EDEDED,#EDEDED,#EDEDED,#EDEDED,#EDEDED,#EDEDED,#EDEDED,#EDEDED,#EDEDED,#D9D9D9,#EDEDED,#EDEDED,#EDEDED,#EDEDED,#EDEDED,#EDEDED,#EDEDED,#EDEDED,#EDEDED,#EDEDED,#EDEDED,#EDEDED,#EDEDED,#EDEDED,#EDEDED,#EDEDED,#EDEDED,#D3DFFA,#EDEDED,#EDEDED,#EDEDED,#EDEDED,#EDEDED,#EDEDED,#EDEDED,#EDEDED,#EDEDED,#EDEDED,#EDEDED,#EDEDED,#EDEDED,#EDEDED,#EDEDED,#EDEDED,#EDEDED,#EDEDED,#EDEDED,#EDEDED,#D9D9D9,#EDEDED,#EDEDED,#EDEDED,#EDEDED,#EDEDED,#EDEDED,#EDEDED,#EDEDED,#EDEDED,#EDEDED,#EDEDED,#EDEDED,#EDEDED,#EDEDED,#EDEDED,#EDEDED,#EDEDED,#FFFFFF,#FFFFFF,#FFFFFF